Value Iteration,Value Iteration,Value Iteration,Value Iteration,Random Agent,Random Agent,Random Agent,Random Agent
Highway 1Hz,Highway 1Hz,Highway 5Hz,Highway 5Hz,Highway 1Hz,Highway 1Hz,Highway 5Hz,Highway 5Hz
reward,length,reward,length,reward,length,reward,length
38.995391551490485,1.0,21.401187380092736,0.115,1.8199100182334444,0.075,39.54924526274728,0.245
38.92449018964907,1.0,96.23953975264847,0.49,3.555210970632843,0.125,99.99945430816813,0.63
39.39677481624553,1.0,71.80228565364769,0.365,3.9559105164862545,0.15,154.5931133603281,0.975
39.44075173087262,1.0,55.435521253984284,0.285,3.9327168462434283,0.15,41.39814481824324,0.255
39.26397075547315,1.0,23.62672309578322,0.125,5.3366912210063076,0.175,75.293022955078,0.47
39.26340337428629,1.0,43.86356116084293,0.225,11.86789918286516,0.4,16.131302929694105,0.095
39.462055556759296,1.0,43.626668116807686,0.225,4.6682062815914,0.15,99.05098196427106,0.595
37.50415384911942,1.0,10.756252324388496,0.06,17.99315860011957,0.6,32.83457194916587,0.215
15.643610119652863,0.425,16.64909702456063,0.09,3.623185012942188,0.125,52.13550059984865,0.3
39.24072280824745,1.0,106.73499997046613,0.545,2.4209333235752997,0.1,14.550148001408523,0.1
20.73109511846017,0.55,81.19377410564435,0.415,3.0233502908624663,0.1,13.01278128962444,0.08
39.52919324391504,1.0,22.772182000701186,0.12,6.799192997904606,0.225,29.278175807783974,0.165
39.552778294616104,1.0,50.43550670691434,0.26,8.864774862326444,0.275,50.07187056786069,0.31
39.554261892689226,1.0,91.54026631465187,0.465,2.934287562287206,0.1,10.258767943560049,0.07
39.12868202146538,1.0,40.44964345810001,0.21,1.9352229190238397,0.075,30.535785525504988,0.2
38.97073460436765,1.0,73.89681249256383,0.375,4.490023907624332,0.175,8.035482015395962,0.055
39.350457986221414,1.0,86.93799269930918,0.445,8.353099383318847,0.25,10.42900737811392,0.06
0.9379972565157751,0.05,11.805690946576759,0.065,2.5771550546826028,0.1,32.984925053482186,0.225
38.77080602239965,1.0,21.75048860367938,0.115,6.934618797013273,0.25,50.56479631680594,0.295
39.417568150619,1.0,56.75037937446019,0.29,2.4438224961197283,0.1,130.57636383043308,0.81
38.414094011944485,1.0,57.41710652657856,0.295,13.842041373953563,0.475,54.43308097908337,0.355
39.306040406351514,1.0,21.76584087190551,0.115,2.7329807520418257,0.1,7.6879564536438885,0.045
38.77073302919014,1.0,198.22334735200144,1.0,33.52873468111668,1.0,64.53734208142792,0.415
39.10502478894829,1.0,78.62894661950628,0.4,20.40002074310326,0.7,32.575739946957775,0.21
39.64267845413198,1.0,7.6227331026222425,0.045,1.9130006968016178,0.075,18.419515623954346,0.12
39.01663670336848,1.0,198.68728046124497,1.0,2.4648847005609187,0.1,46.039911676099656,0.3
5.88996018994679,0.175,107.89299809177214,0.545,3.35493283168075,0.125,48.44908851527425,0.28
39.21761012980894,1.0,21.75048860367938,0.115,11.62334419261911,0.425,45.65113680203584,0.285
23.12963778720222,0.625,11.805690946576759,0.065,13.28971700524764,0.425,77.45093887492567,0.485
39.75520602371207,1.0,54.51734322517173,0.28,1.9087989071223335,0.075,8.83945110648696,0.055
7.358817841799119,0.225,26.627236330703088,0.14,1.7321320246470386,0.075,8.728016831510159,0.055
39.44171990018501,1.0,10.8070935906364,0.06,5.115202540512013,0.175,11.036072662899908,0.07
1.084900306540033,0.05,84.82401048904609,0.43,3.5340213756552203,0.125,99.86003465892954,0.62
39.55279400556545,1.0,27.62668173753258,0.145,14.264577756400508,0.525,32.183387260773195,0.2
39.39631732072914,1.0,38.77210451879409,0.2,11.510152695334035,0.4,37.89868394114916,0.24
32.39537345843499,0.85,15.82487458250438,0.085,22.37884672606452,0.775,20.360425492121674,0.12
39.46248496555651,1.0,51.46909463831675,0.265,3.889967540156376,0.125,16.393730218641434,0.1
39.73247313571135,1.0,94.72378200509793,0.485,14.62392334044661,0.475,40.57942016111438,0.255
39.59726123640003,1.0,20.8024383528291,0.11,3.354266656908633,0.125,63.889267515481194,0.38
1.0404558620955886,0.05,33.92795359997042,0.175,10.000799431965298,0.3,20.079502019431317,0.12
39.217065838911296,1.0,26.802304926280833,0.14,5.440584123569062,0.175,65.42407881476515,0.39
39.620431964296976,1.0,83.06115343773534,0.425,11.792791629045153,0.35,57.47750911170424,0.34
39.48665079416359,1.0,20.82416447718265,0.11,15.769670820723023,0.475,23.248107198967126,0.155
16.01724689129068,0.45,78.33897674864879,0.4,29.484826387962936,1.0,79.76472911752379,0.525
39.75472391926003,1.0,32.41309643753555,0.17,2.487106922783141,0.1,12.430942837489793,0.075
39.731567469996946,1.0,18.64872575786187,0.1,5.64413824680704,0.2,61.69991192082359,0.35
1.979667363468284,0.075,39.07375920945815,0.205,2.5999999999999996,0.1,8.446787300022331,0.05
39.10461057817077,1.0,89.30080549816813,0.455,1.777777777777778,0.075,27.657041311559873,0.17
39.23980470913192,1.0,101.74501471537998,0.515,21.94938051981364,0.675,21.195097624805502,0.125
39.46394660724663,1.0,42.772104287139165,0.22,1.8690183858603309,0.075,20.11812083970484,0.115
39.08521050889705,1.0,87.41655499586996,0.445,17.72925200221893,0.6,27.122186570655742,0.15
38.63933548723065,1.0,198.81832167997922,1.0,2.6209789267275916,0.1,22.745663022847626,0.14
38.996774910687634,1.0,57.7503793742801,0.295,19.77822582157048,0.675,54.90126010956486,0.365
39.062983613078536,1.0,175.25243818623352,0.89,25.601738815417647,0.775,28.317534878369802,0.165
38.90408471864506,1.0,67.38361472705553,0.345,5.222129484405383,0.175,13.093498736098255,0.09
39.621390759894844,1.0,121.62421718923477,0.62,14.399363430799148,0.475,21.770087971743685,0.13
31.615792122900512,0.825,21.648505419463262,0.115,29.262795425665516,1.0,60.99438215168439,0.37
2.001889585690506,0.075,56.64472747269746,0.295,19.062874282347067,0.6,28.587005581287837,0.17
39.44027704612318,1.0,33.47498303492624,0.175,6.61866897954417,0.25,27.88637230071655,0.17
8.599665339538396,0.25,6.879366881543026,0.04,3.4210209135359273,0.125,46.30165027685557,0.285
39.41901581080893,1.0,42.38281362785815,0.22,4.464262585134357,0.15,15.674130015084064,0.09
1.0268861454046638,0.05,21.75048860367938,0.115,3.243199815353884,0.125,44.898195645373455,0.285
38.93043577830186,1.0,75.3836102736607,0.385,4.332711385008618,0.15,19.34008782597935,0.12
39.24078015442577,1.0,141.34746923835655,0.715,2.759017442287977,0.1,30.528486480447594,0.2
39.37601185505725,1.0,25.772131700087215,0.135,11.400447596203007,0.325,26.606969871449376,0.175
39.19626453228021,1.0,81.77210420924489,0.415,28.683422865434622,1.0,73.78921637667237,0.455
39.08615451062172,1.0,36.55730318015592,0.19,14.956670812043189,0.475,46.330347275659065,0.285
39.485653839362044,1.0,55.64839289838571,0.285,4.064901427405623,0.15,139.86216189785253,0.88
7.6429878950575025,0.225,38.76573673438875,0.2,21.019518771856625,0.725,28.854124292412983,0.16
16.754695557596033,0.45,58.47136813993657,0.3,28.2405050905653,0.95,28.462932193569895,0.18
39.15094350478861,1.0,12.651836736752742,0.07,3.626263421529546,0.125,32.42927684372014,0.21
1.979667363468284,0.075,75.64839289750772,0.385,3.6491083676268863,0.125,78.34877515682993,0.52
39.15092838788548,1.0,9.660572452898348,0.055,4.690465405880891,0.15,8.773337383770679,0.05
39.307442306649,1.0,12.45487829924898,0.07,31.53403208745215,1.0,53.71528867052186,0.35
39.26204102373666,1.0,10.673701209076034,0.06,9.066329337770565,0.275,9.706107612824205,0.065
34.262771539719324,0.925,25.802312865438775,0.135,2.487686852740307,0.1,22.886011745614567,0.145
39.37309339788249,1.0,36.62666867380329,0.19,7.928765462577433,0.275,61.52495674912516,0.37
39.41945940522306,1.0,34.19919881574102,0.18,8.333519528631438,0.3,36.6945187582026,0.235
39.19439137454073,1.0,8.877462856734061,0.05,5.9090698432568995,0.225,12.418482716181535,0.075
16.109081768253123,0.45,8.667046366701808,0.05,7.90788236851529,0.275,35.13888075209225,0.215
39.260108263135905,1.0,6.770917295411119,0.04,8.801419462646217,0.275,22.303452571207373,0.145
39.26247310906643,1.0,86.77145403655224,0.44,10.801057181828972,0.325,11.283631615004074,0.065
38.94801182924521,1.0,35.750380237793735,0.185,8.68945939331447,0.25,17.703233902188007,0.115
20.508834650670202,0.55,12.753132037820883,0.07,9.707753709722683,0.325,10.608630930071769,0.07
19.642621435522937,0.525,108.5181560437833,0.55,4.061773968972629,0.15,32.55264904777813,0.2
39.17361273830801,1.0,43.82401054421798,0.225,4.445711306301604,0.15,15.281572911311358,0.1
39.55237435286469,1.0,38.56636907817119,0.2,12.796578809114141,0.425,12.502800970137695,0.09
39.77742813830916,1.0,117.26125508187636,0.595,18.62215241605562,0.575,31.38500473626001,0.18
39.037401258918344,1.0,50.62666806699543,0.26,2.7595967553221414,0.1,10.942227983589126,0.075
39.3735944002154,1.0,38.64839320697263,0.2,26.690887983654207,0.85,83.18950918165241,0.54
39.19723706745482,1.0,30.86356575148054,0.16,2.8020472314255946,0.1,28.077927917414478,0.18
39.509817238867875,1.0,51.804991881794614,0.265,25.528708475067443,0.9,20.54826261823914,0.13
39.73155475535466,1.0,63.06115462358863,0.325,3.130425764666276,0.1,44.69137365057617,0.265
39.55377985733082,1.0,32.75038180553717,0.17,2.668556252357173,0.1,31.880331434944832,0.185
38.37124551588745,1.0,17.33380488984717,0.095,3.9999999999999996,0.15,18.940724344574228,0.115
39.239788948106145,1.0,91.626668062105,0.465,15.02633888150733,0.5,20.33852723211203,0.12
1.979667363468284,0.075,55.75037937471445,0.285,6.758217620382321,0.25,25.865481218610064,0.145
39.30694181054501,1.0,62.25995538938898,0.32,22.5969179093026,0.725,7.795441808112554,0.045
39.21901594185753,1.0,141.15071787833713,0.715,13.015937958524848,0.4,13.039712441199399,0.075
39.039764520001384,1.0,103.82401048904606,0.525,7.862926965771372,0.225,11.2927402893553,0.075
39.61902545473759,1.0,103.626668062105,0.525,13.79817771649341,0.45,26.93819090829039,0.175
39.03976457544126,1.0,35.750380237793735,0.185,6.843245721005991,0.25,23.481994273473294,0.145
4.933943212315456,0.15,27.648406688227094,0.145,10.067723478432054,0.3,39.17760276255723,0.23
39.21901572246376,1.0,22.798880589831445,0.12,7.110529809550672,0.225,9.779278885724624,0.07
38.88280680315095,1.0,7.796115932259699,0.045,14.043691546506576,0.45,31.418307280950167,0.195
39.508362411577174,1.0,30.62667290952692,0.16,16.421190820856783,0.525,23.84778319873612,0.14
38.971249974660026,1.0,115.3859633660929,0.585,5.02129260039205,0.175,31.62559666793195,0.19
38.79680804040137,1.0,71.43552091373262,0.365,2.0241118079127283,0.075,21.36890333347079,0.13
39.4402607759899,1.0,35.29533634387377,0.185,11.200606639344947,0.35,29.16891236313812,0.18
38.99534608232396,1.0,129.55537117347257,0.66,12.26656158693074,0.45,23.883614335222333,0.15
1.0404558620955886,0.05,76.34637251769155,0.39,11.285038061401101,0.325,47.501759399252414,0.32
39.26201287197604,1.0,22.283044270134987,0.12,21.77644879521839,0.75,25.701382569069725,0.16
38.75457222347914,1.0,8.939082851883157,0.05,2.846020961436447,0.1,44.251918259282064,0.29
39.105040827098755,1.0,91.1577122922612,0.465,1.957445141246062,0.075,29.766923923542926,0.175
28.55411202522806,0.775,22.627298949584205,0.12,18.77838791791256,0.575,13.860254513213917,0.08
14.911705910517929,0.4,31.375242616425613,0.165,4.08597282517494,0.125,26.589732037549282,0.155
39.195816281167815,1.0,51.40904777255342,0.265,18.112099725757368,0.6,40.480076073310876,0.275
38.90598800144463,1.0,57.51623691987148,0.295,2.890465405880892,0.1,39.48028683072967,0.24
1.9352229190238397,0.075,25.648420508538152,0.135,10.220760296598794,0.375,40.73962237091605,0.25
39.1272058756924,1.0,44.54225450355475,0.23,4.929794987147554,0.15,58.966463623536264,0.35
39.196789153967835,1.0,27.974663350500904,0.15,1.864354462677889,0.075,7.245304468369298,0.045
38.90501148344377,1.0,96.98961226483819,0.495,5.9151537436131765,0.2,52.20130842632695,0.305
39.596779342593756,1.0,142.1579283994239,0.72,23.64063238106063,0.825,63.18796675789087,0.38
38.906431378294585,1.0,143.61764875168785,0.73,13.529786457611397,0.425,80.80272499894383,0.475
1.0268861454046638,0.05,36.3986462678476,0.19,14.471056085226092,0.525,27.182960547611422,0.17
39.10406802169689,1.0,57.7503793742801,0.295,19.308987836069914,0.625,50.9707685553835,0.34
2.024573941415886,0.075,9.8090739083526,0.055,7.215787040465587,0.225,30.700212747828967,0.18
13.01941790568211,0.375,90.31225870597547,0.46,12.019202485154889,0.35,83.03197305604077,0.52
38.884209299531484,1.0,87.41678169136999,0.445,26.933354225243857,0.875,30.836672989641123,0.195
39.06197254916424,1.0,81.5619911475789,0.415,4.93142395488076,0.175,17.752218280910807,0.12
38.546259254075075,1.0,48.610474796067116,0.25,1.5999999999999999,0.075,44.12318407432003,0.25
39.57552555073519,1.0,60.217201033003676,0.31,5.511065733672729,0.175,8.635502738646183,0.055
39.216593899219966,1.0,59.26814846338143,0.305,3.513502927459418,0.125,19.380190860082323,0.12
16.308929571391822,0.475,179.42223857431725,0.905,2.0241118079127283,0.075,17.70026748817873,0.105
39.531557639750154,1.0,9.759011048544505,0.055,2.509329145005363,0.1,42.57455046756085,0.26
39.485678224526296,1.0,80.06280098419995,0.41,1.8707083072741513,0.075,34.9345176781445,0.225
39.61997422015948,1.0,52.291523347145755,0.27,1.9130006968016178,0.075,14.04595444413524,0.085
39.17362699461546,1.0,17.824443932860095,0.095,4.73440096472345,0.15,26.770368942979946,0.155
6.978844495286848,0.2,156.2377125606159,0.79,1.688266165793714,0.075,15.60294907244076,0.105
39.39583231964222,1.0,68.14976906610866,0.35,31.042939093392192,1.0,31.0104174631208,0.17
3.8450469648060186,0.125,7.8613310535593035,0.045,2.0241118079127283,0.075,25.317207462078905,0.14
39.44076170992736,1.0,8.667046366701808,0.05,11.932083422571985,0.425,69.54606570541657,0.435
0.9824417009602194,0.05,53.3955577837735,0.275,8.21903584482249,0.275,35.71585553978489,0.205
39.150915905699776,1.0,28.281249260234073,0.15,22.379068989142496,0.7,26.25655436186118,0.155
38.83929231451264,1.0,14.69099984923852,0.08,6.397426269937398,0.225,20.634092136151548,0.12
34.57502928722183,0.9,110.8022856536442,0.56,10.44680144550978,0.325,15.167905877405742,0.09
1.2018895856905065,0.05,74.82401048904728,0.38,9.0478583229167,0.275,11.743145052407286,0.07
39.50789058871463,1.0,70.25673194309697,0.365,3.7351816823313824,0.125,54.3048955749657,0.34
39.329583447765856,1.0,51.51091876235319,0.265,19.888498809642478,0.6,35.1336690513207,0.22
39.30932098984534,1.0,42.41996526111194,0.22,1.777777777777778,0.075,50.08791005436235,0.31
39.196321546173024,1.0,63.098629610240394,0.325,14.510218762416018,0.475,110.92562105388188,0.67
39.397208643302854,1.0,41.802285762712756,0.215,31.815506106977473,1.0,59.276582152747835,0.375
39.33154329704656,1.0,41.33727525731665,0.215,19.50909877915447,0.575,33.43068691640451,0.195
39.620457142900875,1.0,168.47659601218564,0.85,5.559127274445447,0.175,18.838160988231774,0.12
3.8455174649599897,0.125,6.9367411869458415,0.04,5.934190435160201,0.2,14.149270278559483,0.085
35.374096704880074,0.925,52.750379376296074,0.27,6.579771675254051,0.225,79.20205562088712,0.53
39.128693691489126,1.0,53.215543246816665,0.275,8.157908655908193,0.3,19.654322810947026,0.135
39.396264280013,1.0,49.56397930782763,0.255,4.423285511620167,0.15,17.772757796136098,0.125
39.3078762389633,1.0,6.649861591706042,0.04,4.707572764925332,0.15,19.034919951899667,0.12
39.10695604645711,1.0,101.15409839849707,0.515,25.616817964113075,0.875,32.70692216907654,0.185
39.37453841717229,1.0,55.4713681405032,0.285,10.777957454735379,0.35,35.12619856368503,0.205
39.24031876706324,1.0,7.654327260712784,0.045,9.245192929047862,0.275,112.59778869155926,0.715
39.440318143957704,1.0,61.54320471011311,0.315,1.180129496971442,0.05,12.917931061536237,0.075
39.19580659549777,1.0,27.772117979986263,0.145,6.998541776096369,0.25,82.98765891527572,0.52
39.17316568190024,1.0,28.62667773684205,0.15,4.305519976744719,0.15,35.30207518349686,0.22
39.262931098358756,1.0,12.77489934443511,0.07,8.79795356910737,0.3,18.98556142218418,0.115
39.30737570292473,1.0,9.780924689134688,0.055,3.0904251975281247,0.1,69.01413347374864,0.445
39.44027503121491,1.0,89.85736209316268,0.455,9.06692545349427,0.3,31.646678493204693,0.205
39.03735877964961,1.0,113.49450954027857,0.575,2.823798739214225,0.1,28.478689837134063,0.195
38.92535917395812,1.0,8.78514205187056,0.05,13.952306667006326,0.45,74.71270044119743,0.46
38.88133072158565,1.0,64.56309114120955,0.33,27.528232221899785,0.975,14.10128679019471,0.08
39.39584523552338,1.0,8.763102300760666,0.05,7.668076629544432,0.275,26.359136544407928,0.155
39.44119548750756,1.0,37.648393334417804,0.195,7.515728961509164,0.225,36.450373686294434,0.225
39.39631684921778,1.0,76.4110500377555,0.39,3.4467961636381084,0.125,24.781384454372507,0.15
39.03932116117045,1.0,99.75037937384295,0.505,4.707581178882813,0.15,133.35110888801523,0.785
39.039346004002006,1.0,14.898172826347043,0.08,20.691872084650967,0.675,21.348559340656685,0.14
39.687100221416486,1.0,90.64383892099707,0.465,19.0660331935921,0.625,19.184138564564385,0.11
39.396765060442014,1.0,128.2281653361075,0.65,3.7530957618926504,0.125,9.397119179362353,0.055
39.4847774164992,1.0,76.62666806210561,0.39,17.285429323890117,0.6,32.39363440907287,0.215
39.50740390594374,1.0,81.91677464230997,0.415,1.1824417009602195,0.05,8.572432331219025,0.055
39.57504076609137,1.0,164.41419585341072,0.83,10.860510595591736,0.35,63.341768019682306,0.39
2.001889585690506,0.075,22.596162189966474,0.12,31.105309744401225,1.0,70.80188203551097,0.465
39.376001976354566,1.0,31.62667149447212,0.165,3.6268861454046637,0.125,23.38728705580808,0.145
39.619957569029076,1.0,79.59011884638386,0.405,7.995068537013408,0.225,7.098992674318525,0.045
39.552818598795774,1.0,7.7691537169634515,0.045,5.9516938142147,0.2,9.436257416474177,0.065
2.9566836241957994,0.1,36.59607706987046,0.19,12.886443530095777,0.4,71.02247360755203,0.44
39.21708616571973,1.0,24.802324075046084,0.13,6.470484015176232,0.225,37.07031742819275,0.245
39.50929252192822,1.0,23.82406519566933,0.125,3.778155486689918,0.125,49.19291932021461,0.29
39.73251159822004,1.0,63.521621321027155,0.33,20.554315983351685,0.625,73.82854406258072,0.47
39.351834221837414,1.0,7.8528372882943485,0.045,1.8690183858603309,0.075,19.51344875517189,0.125
39.28517737278553,1.0,15.451013793087084,0.085,16.28743539327128,0.525,38.08127977884108,0.25
3.8232724756880074,0.125,62.33564030325838,0.32,13.046491584542592,0.4,32.379930528727336,0.205
39.081386976798285,1.0,199.2905973001824,1.0,9.821864411427354,0.325,49.38961570240705,0.27
39.06245910765671,1.0,12.630028348592576,0.07,2.0241118079127283,0.075,8.483261682960817,0.055
39.441223736679326,1.0,104.16257707170855,0.53,7.5142616913619324,0.25,18.34712266372501,0.105
39.46391819448136,1.0,47.50471975775989,0.245,1.6438217213492694,0.075,13.761143703360135,0.085
39.39726553762813,1.0,45.74877484685596,0.235,8.107790667248633,0.3,26.21159673148209,0.16
39.019015640060886,1.0,25.41312453795815,0.135,1.2463340301349508,0.05,22.144941121927282,0.14
11.82184403856236,0.325,121.44418040153819,0.615,9.179784898193322,0.275,25.296137010022196,0.165
39.261567322855456,1.0,190.12920298997142,0.96,30.01506418765396,0.925,8.96531557203786,0.055
39.3069033946907,1.0,143.20720302278932,0.725,4.6221211126444155,0.15,82.47679625706024,0.555
38.971706667161776,1.0,135.01896481925712,0.685,18.127647928707532,0.6,9.922163679131286,0.07
39.44030550074965,1.0,21.75048860367938,0.115,4.382396323521838,0.15,25.42947884102284,0.165
34.64358415097651,0.9,98.64839289750685,0.5,3.912184131626657,0.125,12.988813948353688,0.075
2.9566836241957994,0.1,38.802285960650934,0.2,2.713041936404775,0.1,25.93452729526873,0.15
39.3504010012966,1.0,177.32788781516075,0.895,9.463709767797345,0.35,84.45623325239505,0.52
39.0620254947191,1.0,6.86700044694877,0.04,1.777777777777778,0.075,22.595579003666383,0.14
39.349983809361234,1.0,21.398153394874843,0.115,17.799084464903597,0.55,72.53209284214014,0.485
38.68232178788127,1.0,61.34020655549543,0.315,15.820438235697122,0.475,45.268312571416686,0.295
11.822359058952825,0.325,64.97985804193073,0.33,13.131606363481172,0.45,43.03847419314101,0.27
39.17359869656088,1.0,182.68669943571493,0.92,6.760055648187272,0.2,41.42885670527456,0.245
20.731538885764408,0.55,16.523548703354475,0.09,1.979667363468284,0.075,13.315529382087318,0.075
39.57456682992205,1.0,6.800649217535644,0.04,5.556105082455543,0.2,63.34183693863108,0.415
38.97165293189991,1.0,43.21129618656167,0.225,30.174783731144807,1.0,29.291485149027526,0.185
39.30736106219009,1.0,18.77241999483348,0.1,3.0238072145862365,0.1,16.201265866829555,0.11
39.26203959987162,1.0,76.38361466276592,0.39,4.801539614924733,0.15,23.099708700796047,0.14
39.48566375708497,1.0,141.2036829358185,0.715,1.0929305294963731,0.05,22.670401633617132,0.14
38.062858234784976,1.0,46.19956061117889,0.24,9.760569343925683,0.35,38.133230625126636,0.23
39.374554615458706,1.0,12.651836736752742,0.07,1.9356850525269975,0.075,11.708677805425852,0.07
39.5079019422787,1.0,27.82402425403453,0.145,31.951113791193574,1.0,48.42207914013751,0.285
39.3508913863805,1.0,43.38865921316673,0.225,7.756526868507436,0.25,10.560263793065209,0.06
39.059638072649065,1.0,198.40167599886553,1.0,8.75635499957922,0.25,20.458093828094327,0.125
31.620904235779022,0.825,60.61992258414085,0.31,9.955744683727245,0.3,34.77979139835621,0.23
36.929936858175495,1.0,14.911224306424524,0.08,3.574118044155944,0.125,12.141746098941688,0.075
39.03833132595256,1.0,134.3960305366774,0.68,30.595814237299127,1.0,61.74675949327859,0.39
39.23981811233064,1.0,164.3836146629914,0.83,10.955225870507908,0.3,30.07149606447827,0.185
39.46295706232987,1.0,77.35922271583266,0.395,3.9082052255346267,0.125,13.408289194556785,0.09
39.1949048182432,1.0,84.94871877236328,0.43,13.466152740363341,0.4,26.192410849930226,0.15
38.837413662169126,1.0,166.21578891042697,0.84,1.8491083676268862,0.075,14.48630658902588,0.095
39.553317580538966,1.0,72.80228565364666,0.37,9.905456881894318,0.35,9.28993036639388,0.06
38.63741472236539,1.0,16.63341920284139,0.09,32.08286268804631,1.0,7.6380653214530385,0.05
38.92576092599781,1.0,8.877462856734061,0.05,9.777634022436775,0.3,14.619770400792635,0.1
38.99489102408368,1.0,160.33015315511238,0.81,4.556518184358318,0.15,69.2626041319904,0.43
38.9716530731618,1.0,61.18955709330127,0.315,1.8467961636381087,0.075,51.86637758644724,0.32
38.35040973310828,1.0,29.82401739372814,0.155,4.172475524473986,0.15,31.757631587906864,0.21
39.642177767234664,1.0,45.609319618902084,0.235,27.132216549212483,0.925,23.992087767989716,0.145
15.554234886967699,0.425,129.15177675015156,0.655,12.864579212552089,0.425,46.17015431971848,0.305
39.30696043935024,1.0,73.38361420673651,0.375,5.4422646455126,0.175,22.57745657368098,0.155
39.239790333032026,1.0,45.11446434374341,0.235,8.089371533228293,0.25,24.15466810693751,0.15
2.576841037382138,0.1,29.627223000779722,0.155,2.5818189775443634,0.1,47.65961479139844,0.31
1.9352229190238397,0.075,42.88632832666696,0.22,3.73005426184291,0.125,9.858011276420154,0.055
38.972664120272995,1.0,28.531689105571324,0.15,2.397024788261106,0.1,90.7211150019049,0.575
39.30645536129813,1.0,144.30047176098296,0.73,10.046239756065797,0.325,7.324072609218026,0.045
39.19823854794165,1.0,140.18241000468444,0.71,1.0438224961197287,0.05,98.87426282474537,0.61
38.56687480483447,1.0,68.37079823069821,0.35,3.8265415604819513,0.125,12.566627710592437,0.075
11.891245369148569,0.35,92.43827983127333,0.47,14.134863220435383,0.425,9.222918248426165,0.055
39.52966538545889,1.0,103.74994067107544,0.53,22.952583523926236,0.8,39.436440437723824,0.245
5.911720168658347,0.175,82.26125506920785,0.42,10.313550891552627,0.35,42.20678267808283,0.28
38.973140559044175,1.0,41.802285762712756,0.215,5.733598283693795,0.175,17.344085563110784,0.105
16.91216795983529,0.45,72.59217259341592,0.37,4.692740707802488,0.15,18.790804920383827,0.13
11.889483503055214,0.325,19.838267034150388,0.105,1.8713305898491084,0.075,13.217133461125565,0.085
38.90598883341419,1.0,55.626668062976506,0.285,4.712641021081535,0.15,51.840988389890725,0.315
39.262082041451265,1.0,112.50721475965773,0.57,1.996011417651144,0.075,76.67704065880092,0.44
39.44314079588615,1.0,47.77210422312661,0.245,9.797655483041218,0.325,44.33633516909671,0.31
38.68233611555713,1.0,110.08933980617954,0.56,10.395675478277994,0.35,30.500997986242606,0.185
39.709345101111985,1.0,32.831110676934294,0.175,16.401584722654796,0.55,19.37249458614748,0.115
39.37359414667475,1.0,70.34582397942762,0.36,27.700396015820807,0.95,32.900119961127295,0.185
38.97266887964405,1.0,90.17564275641107,0.46,29.756988587125445,1.0,39.02763761983048,0.25
39.21902553591927,1.0,48.75037938359243,0.25,18.444939067296797,0.575,98.85707478008162,0.615
39.26105259511086,1.0,111.5804453827785,0.565,14.793595770526789,0.5,8.055066389077329,0.05
39.21705152393849,1.0,108.48732114010444,0.555,1.95959719616304,0.075,33.82643240003709,0.205
38.861972657976835,1.0,78.98673210241218,0.405,3.0464515787153963,0.1,17.21883606857825,0.095
39.28614018940786,1.0,10.98498806363214,0.06,8.95785766179429,0.3,45.94495769954988,0.29
20.55566644035656,0.55,56.39536250747066,0.29,4.670061266461815,0.15,45.938101218326274,0.305
39.37405625101673,1.0,30.4948388905223,0.16,13.803673351556183,0.4,32.40140841937223,0.19
8.001528942021242,0.225,50.39106850274347,0.26,21.305171662417496,0.675,65.7247118518415,0.43
38.77115252199261,1.0,11.631744308581833,0.065,13.553899976863201,0.45,128.82418660314877,0.755
39.083304762249334,1.0,23.772159173841548,0.125,2.6922643822797063,0.1,119.33415449209629,0.74
38.88230385674289,1.0,9.660572452898348,0.055,2.533028845565264,0.1,24.50327041992509,0.165
39.2620395889254,1.0,73.20762464684432,0.375,25.304215578636285,0.825,15.485152592763415,0.095
37.7287436415834,1.0,90.86623398602427,0.46,1.7771550546826032,0.075,41.97782438221138,0.255
22.666307059804403,0.6,36.64839351434556,0.19,1.8685562523571728,0.075,24.953080181111247,0.15
39.57555342858675,1.0,168.95180097806275,0.855,7.2247504787469765,0.25,12.33881789681118,0.075
39.06060967892603,1.0,25.745043542931544,0.135,21.283660847475893,0.7,35.84027801037671,0.235
39.35094262250654,1.0,21.62964627007055,0.115,4.888760206606781,0.15,34.172200632393206,0.22
1.0404558620955886,0.05,109.6043059565562,0.56,7.600336759983095,0.225,40.08307668807654,0.245
39.08423772835759,1.0,199.25610183365646,1.0,29.922426535734946,1.0,13.692188223618396,0.085
17.23928918374544,0.475,25.772131700087215,0.135,3.8682019688709435,0.125,19.865368117452583,0.125
38.94848654260861,1.0,11.480003817415746,0.065,8.553553610000145,0.325,18.298434300928477,0.11
1.2463340301349508,0.05,47.23877544952308,0.245,2.0241118079127283,0.075,66.42760142711894,0.425
11.420769600573054,0.325,48.74287344336926,0.25,1.9748569770712507,0.075,23.002410229661777,0.15
39.59725254285833,1.0,96.75037937384295,0.49,15.598939816033766,0.475,17.744149221522083,0.1
27.685080710637216,0.75,18.511786376119183,0.1,18.32728655890766,0.625,10.34385276424803,0.065
39.59822543218769,1.0,124.31404681121921,0.63,3.532355157720009,0.125,48.55919780635122,0.315
39.26245888214845,1.0,24.44968326789413,0.13,5.044845681311247,0.175,57.43001774360385,0.38
39.35185902794167,1.0,47.824010502928104,0.245,9.287844865333538,0.3,56.96273790006555,0.37
39.03836218912043,1.0,29.433956780595597,0.155,5.020933322746403,0.175,67.69158228120924,0.44
39.70933524192,1.0,34.712827342812844,0.18,7.42395702008464,0.275,67.75563810958154,0.435
39.016113279371694,1.0,199.04598877800478,1.0,6.936809937150816,0.225,9.270415021830631,0.055
5.955721904457762,0.175,9.469846329649759,0.055,8.646450881781456,0.25,46.31114087762613,0.3
39.039278072272054,1.0,199.17439231502496,1.0,7.3724618428578,0.25,15.596834141554885,0.105
39.59724864665273,1.0,32.452351697015,0.17,14.06551415245948,0.475,13.842558718755948,0.08
2.8011280686402444,0.1,65.6520060676159,0.335,6.623798739214226,0.2,23.276711844576838,0.135
39.59772357457801,1.0,28.449653034717656,0.15,3.5567056516998896,0.125,11.309835127379007,0.07
38.13140435302555,1.0,94.475071521703,0.48,15.908135092801798,0.575,18.047601983205393,0.11
39.419460541673445,1.0,52.42716980880662,0.27,9.46218890171832,0.325,43.11886800615219,0.275
8.001528942021242,0.225,19.504977388738517,0.105,16.17182437925159,0.45,23.478910382845214,0.155
24.4634646317322,0.65,53.80545581513101,0.275,18.795925976420406,0.525,60.014805714166414,0.385
39.57599750885073,1.0,97.67779699718135,0.5,12.68107459163216,0.375,28.22592888322013,0.155
39.3736369243606,1.0,62.56198711119711,0.32,4.240687241945847,0.15,15.070865385699797,0.095
39.12773327615689,1.0,124.3215077546086,0.63,11.313164318371937,0.375,13.348900791155426,0.075
39.10598341889391,1.0,78.47165825670182,0.4,12.533926803912752,0.35,40.923233009697505,0.28
38.72724702186496,1.0,44.25998900527363,0.23,1.7940463651563352,0.075,38.92195184445178,0.215
39.0615145320581,1.0,197.93079828931883,1.0,9.549949888051971,0.3,30.448043696823134,0.175
30.218223863817517,0.85,10.508923347650235,0.06,2.6444444444444444,0.1,59.951769651844444,0.35
16.644538594464727,0.45,32.802288086097846,0.17,25.391113628711462,0.85,39.25825999095383,0.245
38.0597895591265,1.0,43.765736490754506,0.225,12.712020431316143,0.35,63.102944175489164,0.395
28.240238278110827,0.75,117.8022856536442,0.595,3.59734321108851,0.125,24.056929045050236,0.14
39.61994579651438,1.0,85.42564448245996,0.435,20.45969956331173,0.675,8.215908912253019,0.05
16.087959869649843,0.45,35.775718246596405,0.185,26.796688284666853,0.85,46.50942508885852,0.275
39.59725133960599,1.0,95.179622649799,0.485,10.664258128242626,0.375,10.461113653739236,0.065
39.61996010723583,1.0,7.591975922755848,0.045,7.394933744126456,0.25,69.48235984455452,0.465
39.68664101087285,1.0,115.33015311166058,0.585,19.267562950099258,0.625,8.751710679284649,0.05
39.083264903822446,1.0,69.75308559944249,0.355,8.401071083029912,0.25,24.12659070410595,0.165
39.574581293935054,1.0,163.97369312078962,0.83,5.752489626462644,0.175,37.73871257900627,0.23
39.576927502834494,1.0,94.21549820529138,0.48,4.646446298431657,0.15,15.942608848052569,0.095
3.911713631472685,0.125,49.750379380748,0.255,6.378725869820084,0.2,24.53845402408195,0.15
30.532208645633045,0.85,34.49567315511809,0.18,4.954610422444099,0.175,61.76052842974843,0.38
9.844080571034999,0.275,92.56199115214783,0.47,16.909343862255614,0.525,12.311716227940495,0.07
39.48566564355139,1.0,44.772104248318556,0.23,13.55323968187054,0.475,29.217280061864585,0.175
39.149002519426126,1.0,91.53644010482584,0.465,12.13101507064086,0.375,24.460283769580172,0.16
39.24024663207496,1.0,20.720935984750593,0.11,12.445053655348651,0.35,49.757208998612086,0.28
27.73153874410337,0.725,9.756833447822581,0.055,4.623951218000029,0.15,22.37365961766531,0.15
39.41901310161483,1.0,55.59607165065169,0.285,17.73094272033754,0.625,32.869474009653125,0.21
1.2018895856905065,0.05,121.64839289750685,0.615,30.770482645864703,1.0,8.079999551145892,0.05
39.374094840082535,1.0,15.864381357583001,0.085,12.201346221997929,0.35,55.001093476111514,0.31
39.6431420444935,1.0,41.72611478440956,0.215,13.951805144005894,0.45,99.9257526706223,0.62
38.79342734646336,1.0,26.471387932411904,0.14,25.645271435166443,0.85,40.12716476518895,0.25
39.330141080076885,1.0,37.79478014607541,0.195,16.17656747796585,0.55,10.420355621507962,0.06
29.484557632511446,0.825,65.64839289753475,0.335,11.799886793100832,0.4,11.779807001410695,0.08
39.24075317466115,1.0,64.39952179767918,0.33,1.1373749739408179,0.05,78.90349948343703,0.515
39.28328882099602,1.0,32.54916978616134,0.17,6.505875999943956,0.25,62.82204255154173,0.36
39.21710877648357,1.0,43.47136819477178,0.225,8.844566824093395,0.25,55.24985534192693,0.32
39.552346564667175,1.0,30.62667290952692,0.16,10.02329227071846,0.35,77.91763750719976,0.51
1.8685562523571733,0.075,76.74748666684216,0.395,25.372693736410366,0.85,11.458743208913374,0.065
39.776946132404795,1.0,15.624327291996734,0.085,15.843288970913093,0.55,15.636048783974106,0.09
1.2463340301349508,0.05,78.48937967296054,0.4,5.060923602789334,0.175,64.07988819084092,0.395
39.46486239688781,1.0,91.99512073790075,0.47,2.6690183858603307,0.1,28.827864080499218,0.185
39.307886006169404,1.0,123.09338272252447,0.63,6.93486863553761,0.225,37.95447360856443,0.25
39.19534612909437,1.0,35.824011360505224,0.185,33.459710354021496,1.0,12.896793295385281,0.08
39.48473549773691,1.0,54.64839289874775,0.28,9.772164491272248,0.325,47.58799813563264,0.31
39.19758724244055,1.0,8.763102300760666,0.05,1.6209341472047345,0.075,31.241526025444113,0.21
32.92972544595371,0.9,75.46742505135292,0.385,11.62026831713868,0.375,95.32551158714085,0.615
38.9277195245916,1.0,46.59768064810819,0.24,6.019152750680628,0.2,47.150115535974635,0.27
39.35234896481654,1.0,33.480254016488736,0.175,14.392352992606154,0.425,76.9745155309553,0.445
38.971235267683255,1.0,123.26036602660677,0.625,9.35364605486752,0.3,62.080389762918344,0.365
38.993929426573146,1.0,16.8504881544636,0.09,2.5157750342935525,0.1,97.17037795923636,0.62
39.442000047131614,1.0,84.4292637330339,0.43,23.06710729565764,0.8,31.535973075632494,0.205
39.46343195542863,1.0,121.35287496025012,0.615,12.998257506957504,0.475,31.58929723729573,0.185
38.53001826474704,1.0,18.627562195492676,0.1,3.6268861454046637,0.125,15.865167836816141,0.105
39.41802596728752,1.0,48.88822145387807,0.25,9.865739442965115,0.3,22.73076729119205,0.135
38.994428305115264,1.0,12.45487829924898,0.07,10.559286152550927,0.375,13.748745923475884,0.08
39.26248743254304,1.0,30.120588078885184,0.16,8.043967515866981,0.25,31.051276661944335,0.19
38.83911763320294,1.0,72.64839289750932,0.37,4.108623717116804,0.15,76.47154131959363,0.51
39.41805282829106,1.0,35.62666892572022,0.185,4.530671264138104,0.15,47.89567199863659,0.315
39.19531748447218,1.0,35.144696407837706,0.185,4.7561526828530045,0.15,8.461815678215517,0.05
38.81616445042412,1.0,60.38186863681614,0.31,2.5092449728223998,0.1,59.726260260784365,0.345
5.061895233557783,0.15,26.68796279389256,0.14,10.930925849452796,0.4,66.81248419583609,0.415
7.845515618071218,0.225,59.16418443269115,0.305,3.7122553330465773,0.15,24.013433614982194,0.15
39.21755227340927,1.0,61.8022856537542,0.315,1.290778474579395,0.05,9.384382073128915,0.055
1.2018895856905065,0.05,34.7014925755954,0.18,12.513164421556441,0.425,13.44833562949696,0.095
39.32865333391115,1.0,9.660572452898348,0.055,11.33622997062709,0.325,39.5579267468877,0.27
39.37409502983825,1.0,105.02530623774757,0.535,2.7145734112480477,0.1,18.85907313754131,0.12
38.85960932128624,1.0,162.4857353797496,0.825,12.425680145217887,0.425,76.11729771607888,0.49
39.35140079589409,1.0,15.627685753984435,0.085,1.777777777777778,0.075,91.93554228486639,0.55
2.178878217096714,0.075,32.20424054652546,0.17,3.6014249488466614,0.125,29.8224018952503,0.165
39.21663813071865,1.0,24.471408500595683,0.13,2.465423371172036,0.1,13.213487766203823,0.075
39.28380400582952,1.0,23.245147788094766,0.125,24.88124964447069,0.775,59.285215575320585,0.34
39.10405381028017,1.0,73.50421483466847,0.375,4.203393367584978,0.15,62.52961315358453,0.41
39.392559019861885,1.0,30.471373035491673,0.16,8.424268018120225,0.275,15.663973816243406,0.095
39.530085630701095,1.0,127.43552098082263,0.645,2.5098650621360106,0.1,19.442988113721082,0.12
39.19435739641447,1.0,7.531036604744008,0.045,12.690042814668095,0.425,17.11360962289222,0.1
27.465348957017895,0.725,67.56983701321128,0.345,11.661927568236964,0.425,71.36023172497387,0.46
39.50790026351095,1.0,62.471368139702896,0.32,2.046796163638108,0.075,23.69574604632829,0.135
38.92677926650968,1.0,21.802393802262305,0.115,22.05897851181862,0.775,8.284590259974294,0.05
38.83644281298031,1.0,20.47154690182627,0.11,25.976054577489403,0.8,43.649908223284235,0.26
39.30644291515034,1.0,186.7264388576308,0.945,29.465345526720107,1.0,14.214543161859876,0.095
39.52964056304405,1.0,11.653613084674522,0.065,2.6271906331727335,0.1,29.515474760870944,0.17
39.018515325189206,1.0,94.45234952981687,0.48,3.8907784745793954,0.125,43.17941532351622,0.285
39.08517744280999,1.0,98.37833039776389,0.5,15.201542126756506,0.5,26.358305093969182,0.17
39.03933114027336,1.0,13.628907622674355,0.075,31.41645663257376,1.0,27.494743597045403,0.17
36.88327069487946,1.0,11.79978366702382,0.065,3.7570908577598328,0.125,39.36698845342213,0.255
39.03983153780312,1.0,20.750534248165298,0.11,29.37712060322676,0.875,22.775816764960705,0.135
39.50979318217245,1.0,68.04457587312133,0.35,7.690537292674636,0.25,60.19918126805646,0.355
38.993932338397315,1.0,65.47136813965224,0.335,15.158267984303572,0.425,73.10798396195433,0.475
35.531582381578794,0.925,62.723988143592926,0.32,1.8935528120713305,0.075,13.44038522987069,0.09
39.061524374709585,1.0,6.617617727673505,0.04,14.534837759070692,0.5,19.542403303295583,0.13
39.19490160419063,1.0,81.87165863856454,0.42,13.597146373648156,0.475,48.33382212239322,0.31
39.46395658096365,1.0,10.462592538892428,0.06,5.469064458644719,0.2,8.5441454311573,0.05
39.26297375857105,1.0,57.590118846805794,0.295,13.511389850935794,0.425,29.556004476302764,0.18
39.3504420877614,1.0,84.00403286696985,0.43,2.6923511890258256,0.1,24.672297623288515,0.14
39.57506749769966,1.0,139.04979377294327,0.705,12.315778760148199,0.425,74.7315215129975,0.445
16.643604284079107,0.45,16.373812941135878,0.09,3.2660447183419503,0.125,140.9827521687366,0.905
39.575040766090886,1.0,55.48904083424571,0.285,1.7824417009602196,0.075,71.21496238842913,0.46
39.48564953022299,1.0,197.70383343276626,1.0,2.535645537322111,0.1,44.93989273860179,0.28
39.195306099455856,1.0,92.626668062105,0.47,6.267472177888273,0.2,91.26092093523144,0.535
1.084900306540033,0.05,193.5810494850426,0.98,11.92786020874462,0.4,26.20162220637277,0.175
39.44122100714638,1.0,158.0350533380022,0.8,3.2672969233473133,0.1,27.407294038616502,0.17
16.397770647238175,0.45,46.750379393279076,0.24,15.225344469948965,0.525,78.47206609377018,0.45
1.084900306540033,0.05,125.38481877594336,0.635,5.221309794470011,0.2,14.055784039427834,0.1
39.39630273332804,1.0,27.80229930340571,0.145,21.753743456703464,0.725,55.229611360601076,0.365
39.129141195446124,1.0,16.864142084262337,0.09,11.402047705067156,0.375,45.53283237765434,0.3
39.50839093949646,1.0,34.92795306377265,0.18,8.508138290484203,0.3,26.390103209952763,0.155
39.33055624515656,1.0,94.88122011675291,0.485,10.885899836847745,0.375,49.18503373758012,0.295
39.03930697632772,1.0,30.64839778549535,0.16,14.6267294046091,0.475,32.364309488899195,0.22
39.574082148467554,1.0,35.23851902610246,0.185,1.9748569770712507,0.075,20.709040039595596,0.115
35.37459549110481,0.925,10.778091007001967,0.06,4.291200260341931,0.175,56.14696029989253,0.34
39.52962385163917,1.0,52.804991881048885,0.27,3.6020472314255945,0.125,38.26582405546349,0.245
38.88232052334993,1.0,18.29550817258833,0.1,10.975650142988815,0.375,35.61934139442974,0.195
39.37358176639256,1.0,82.62666806210507,0.42,8.131456554390313,0.25,29.13169312045371,0.18
0.9157750342935529,0.05,35.52254716978931,0.185,14.334869641681252,0.4,44.42177383243013,0.295
39.64218228177789,1.0,104.47136813962435,0.53,16.79989830072224,0.55,30.780919859276775,0.19
39.284738368347696,1.0,28.763701800543966,0.15,20.13373638468634,0.7,80.30470545981343,0.505
39.66537281365404,1.0,55.64839289838571,0.285,2.996104062500729,0.1,104.8304697548806,0.685
39.5310952444825,1.0,27.596090976663632,0.145,7.977097139739445,0.25,26.117483396179747,0.17
39.553761049609484,1.0,197.69223525590988,1.0,10.75533336157312,0.325,11.984954443201017,0.075
39.485206091512055,1.0,23.80233990232623,0.125,2.44324313575815,0.1,10.87695821602294,0.06
39.21899726861723,1.0,94.82401048904606,0.48,1.8467961636381087,0.075,18.056312288745744,0.11
15.335314051769158,0.425,52.62666806455812,0.27,23.507423068204428,0.825,28.891400044419207,0.185
0.9379972565157751,0.05,61.68151431848719,0.315,12.638563558233614,0.425,14.20537926604074,0.09
38.88519599917942,1.0,76.54026426874668,0.39,4.909877784060063,0.175,24.983361180502673,0.165
39.61949863349188,1.0,32.802288086097846,0.17,15.728730819414782,0.55,60.09196495998724,0.36
39.28376528742117,1.0,112.86268137928117,0.575,1.979667363468284,0.075,73.00686860545,0.48
39.68758516150269,1.0,9.8090739083526,0.055,4.601536308639235,0.15,11.226489827345514,0.075
9.822816849158908,0.275,48.53162081289316,0.25,12.688184960256972,0.375,9.657963630833091,0.06
39.46391810340906,1.0,20.712019885458588,0.11,5.176532329458025,0.175,30.5792548390372,0.19
39.507905862017644,1.0,12.630028348592576,0.07,8.555883147026005,0.25,41.99861512015323,0.245
6.756137605051885,0.2,111.2119499832158,0.565,31.394840145057987,1.0,37.965750549532736,0.22
39.418110759043266,1.0,7.7691537169634515,0.045,9.44680154754841,0.3,18.163385228249368,0.11
39.306941670068234,1.0,35.47136900970752,0.185,2.2238072145862366,0.075,10.687931293346404,0.065
1.8685562523571733,0.075,136.38562645301062,0.69,6.751742252938367,0.225,48.578955667686195,0.325
38.90548702395371,1.0,38.73905308245375,0.2,6.0681272206622054,0.2,42.93484368337893,0.255
39.19529309990837,1.0,127.287102691498,0.645,6.623929244531263,0.25,20.150563572958433,0.135
38.88423876547651,1.0,111.5402663167868,0.565,2.046796163638108,0.075,54.306407419591636,0.345
1.2463340301349508,0.05,106.86923229645751,0.545,6.93333215902417,0.25,17.554473598297957,0.11
39.17214911555595,1.0,93.20368598898695,0.475,12.239899494308585,0.425,36.20312111510754,0.25
39.50884620555253,1.0,7.676880349312864,0.045,4.115456032436908,0.15,20.138797754153703,0.125
39.35091588092571,1.0,31.62667149447212,0.165,1.8690183858603309,0.075,15.917867642642078,0.095
25.172608704103872,0.675,18.456069359414165,0.1,1.75959719616304,0.075,96.75271725326184,0.58
39.283734260349476,1.0,19.454498856866177,0.105,3.580089399816799,0.125,16.631667162449872,0.095
39.23928805687392,1.0,81.46151066589088,0.415,2.8850714806830537,0.1,32.055234484017966,0.195
1.979667363468284,0.075,38.6879438102219,0.2,6.201425332346648,0.225,37.380041977583346,0.25
1.1293447509844774,0.05,75.39252278911202,0.385,19.467156824621682,0.6,40.679087811824786,0.245
39.64312207893001,1.0,17.627144306831998,0.095,10.047338224370145,0.3,17.684990826090235,0.115
39.26248329333348,1.0,59.06533348355178,0.305,7.195475353479347,0.275,26.445543475973945,0.18
18.57550263475203,0.5,30.64839778549535,0.16,25.06423704576479,0.85,24.205628254059103,0.17
39.172192786697046,1.0,35.014672108316134,0.185,2.5990632596043604,0.1,58.206969771919574,0.37
39.44262578343926,1.0,102.14494145570924,0.52,9.400444562075565,0.3,17.733271949560145,0.105
39.21709428229228,1.0,21.44976363106582,0.115,4.46296535627371,0.15,17.93325042413812,0.12
39.17215140375525,1.0,39.3439786202963,0.205,20.99893914967363,0.7,29.848901728890755,0.18
38.97361286093944,1.0,86.02349412949043,0.44,1.313462830304775,0.05,135.84221539598286,0.86
39.37405630799909,1.0,7.6227331026222425,0.045,1.7824417009602196,0.075,32.39143222491985,0.195
2.867767105985603,0.1,34.471369368129764,0.18,2.8413653357681783,0.1,68.92093056460108,0.4
16.844082362408834,0.45,7.8158167441387265,0.045,7.090994635049912,0.225,26.216685051834244,0.145
2.10679786799535,0.075,19.824227910674367,0.105,7.000340922783552,0.225,28.23131602220062,0.17
39.08518166509523,1.0,126.48645248304183,0.64,3.509200356694921,0.125,127.10779812936894,0.79
39.06155317944758,1.0,19.449903458270885,0.105,3.708032002434845,0.125,39.29735246108003,0.25
39.50698535528172,1.0,30.53192753590864,0.16,2.7796673634682842,0.1,13.951594878312866,0.085
37.884067769109535,1.0,82.80499187923864,0.42,9.198707679431058,0.275,15.881613101377528,0.1
39.397142938359224,1.0,15.451013793087084,0.085,13.420625598256319,0.45,31.273558047607985,0.18
38.81708457658928,1.0,16.75101640559362,0.09,12.333120423735577,0.4,22.108034006023622,0.13
38.92770670593439,1.0,61.6380112347834,0.315,6.596225090204048,0.225,49.652232723586124,0.295
39.37549879614845,1.0,44.56397933917937,0.23,7.1557490812499855,0.25,30.034292442368123,0.185
1.2907784745793953,0.05,57.62666806254216,0.295,6.425699381662693,0.225,11.798248124934844,0.07
39.30647381699532,1.0,7.837655050735021,0.045,6.951932094523428,0.225,70.85261713608054,0.445
18.307785618542624,0.525,76.35465519563763,0.39,11.376543444809734,0.375,58.67183264151519,0.35
39.01615028470069,1.0,30.471373035491673,0.16,27.79663492520238,0.95,10.146752902146376,0.06
39.26297379765647,1.0,23.47142613472306,0.125,11.221871556458895,0.35,26.230028831845082,0.15
39.08376564712883,1.0,49.36188156871336,0.255,30.17694513293192,1.0,28.994797513679437,0.185
39.21743776146551,1.0,19.52102674930786,0.105,26.820935382991838,0.9,77.73344309971239,0.495
38.77073464842486,1.0,118.54026631678043,0.6,2.8912406080825526,0.1,11.93794625654001,0.08
39.64221087511558,1.0,33.79478143287787,0.175,6.308176419578948,0.225,75.822887016335,0.475
39.77694613697418,1.0,35.62721661405029,0.185,5.024224076209435,0.15,11.386914771075375,0.07
38.61775901995124,1.0,110.61389743218773,0.56,16.64267498197395,0.55,42.41483697924288,0.24
2.9566836241957994,0.1,65.20862258074895,0.335,2.4215994991270473,0.1,43.35676939049037,0.285
39.30647054189217,1.0,165.05914623255148,0.835,18.039649308983552,0.55,14.682828629370118,0.1
0.9157750342935529,0.05,75.62666806210586,0.385,11.39875709981682,0.4,9.270959429726943,0.055
38.92822404135117,1.0,6.617617727673505,0.04,10.130987695220558,0.35,11.939083930115327,0.075
39.10500052783834,1.0,42.64839297539209,0.22,7.9756943974242684,0.275,35.223653865158,0.24
39.7774281382582,1.0,17.495524085020214,0.095,9.197480284520685,0.3,23.15433696605816,0.165
39.44123860078609,1.0,44.56021776389786,0.23,21.088318612857158,0.7,77.21660156782382,0.49
2.267794735306911,0.075,12.476825283710003,0.07,3.0015849923640143,0.1,45.52901172523137,0.28
39.552818543810396,1.0,61.428353169002435,0.315,1.1293447509844774,0.05,74.7865858942547,0.475
38.92728994980224,1.0,7.791405599504567,0.045,27.016983829553613,0.9,39.225532290961546,0.27
39.01758083397628,1.0,59.96703227198849,0.31,4.579362770141792,0.15,37.14582608240247,0.24
0.9379972565157751,0.05,62.3731222809593,0.32,7.529591990890301,0.225,23.36511526156294,0.16
39.46254080664622,1.0,47.644449823123566,0.245,4.755852035806237,0.15,61.70351667703468,0.39
38.70458559991703,1.0,6.617617727673505,0.04,6.152893486360327,0.2,9.079556622129193,0.055
38.90648936532933,1.0,106.1362507338816,0.54,5.574829892213352,0.2,145.96146949682014,0.955
1.979667363468284,0.075,113.17142036032352,0.575,8.42196940145269,0.25,9.92804112408756,0.065
38.92627405305765,1.0,159.04847219499806,0.805,6.618747549126715,0.2,27.751338186567384,0.165
39.03835830623132,1.0,22.82408773145328,0.12,30.465481194294178,0.925,14.759172069288248,0.085
39.016164229905414,1.0,45.220389083229044,0.235,12.202499511804454,0.425,34.54547112546987,0.21
39.46299966974644,1.0,32.77210666140109,0.17,24.015912142007714,0.8,14.458450879130238,0.09
1.2907784745793953,0.05,96.67286104963216,0.495,13.090068424731442,0.425,83.08796901273814,0.54
39.39582094715014,1.0,17.863972601042697,0.095,3.0464916758700387,0.1,43.15251470467278,0.275
37.6134206043757,1.0,26.546420478715163,0.14,11.932685347960305,0.425,9.351365350897813,0.055
39.39678927888791,1.0,7.701182991806894,0.045,11.109963310115468,0.4,8.567351885279297,0.05
39.041247999924046,1.0,13.803993844949376,0.075,1.084900306540033,0.05,15.034152655994106,0.09
39.10403966694675,1.0,129.27606062919824,0.655,2.512799825476477,0.1,65.48358584581453,0.425
4.267734298056784,0.125,42.08305648525731,0.22,5.023294785152123,0.15,19.95383590098074,0.12
39.463943935672575,1.0,109.7721042092448,0.555,20.800442869058863,0.7,65.42237116237779,0.39
1.1293447509844774,0.05,23.648448423916395,0.125,22.265515499458278,0.725,72.15887721961276,0.465
39.688529656924736,1.0,21.82411955057895,0.115,29.378360482804823,0.95,19.078385563545993,0.125
39.61948943548562,1.0,9.660572452898348,0.055,5.9081388361793685,0.225,53.732179136138534,0.365
39.50743248644688,1.0,119.88901540513451,0.61,8.00038148280419,0.25,35.71240620168031,0.235
39.218043188574356,1.0,41.80499195972502,0.215,9.580439839353053,0.35,16.916859192355087,0.11
23.42042763095835,0.625,53.750379375580366,0.275,23.904360118526082,0.75,22.553511850695276,0.15
37.08561725584343,1.0,9.660572452898348,0.055,4.137413864043842,0.15,13.67397896102531,0.09
39.262511644521965,1.0,8.808888491901861,0.05,1.8467961636381087,0.075,25.51403245159376,0.155
2.9566559948744917,0.1,65.7721042092727,0.335,20.347271743628493,0.65,15.780017205294836,0.095
4.912183267275223,0.15,164.25185581331436,0.83,21.620060198142653,0.725,33.76432021563873,0.22
39.61899883634467,1.0,29.471375067221434,0.155,6.778684655458809,0.2,11.751627898150627,0.08
38.505057399806674,1.0,8.667046366701808,0.05,7.218672378388988,0.275,39.13353127444183,0.255
39.15044755626112,1.0,102.13665361478034,0.52,29.81419919970149,1.0,15.279920308341172,0.105
3.089519145569536,0.1,72.36188978560025,0.37,4.866306277383256,0.15,31.23247228018668,0.195
30.33059452496142,0.8,106.06115396062818,0.54,11.910021790437415,0.35,14.025977031592591,0.08
39.327694981713805,1.0,60.868726027280715,0.31,7.664220126721367,0.275,68.60474933036197,0.435
39.418539248434165,1.0,9.638415143920776,0.055,20.644217712142314,0.675,34.163859014416296,0.22
39.14943231796839,1.0,38.471368448861426,0.2,31.37302785242343,1.0,35.113035075653976,0.205
26.776445561305714,0.7,176.09605398466942,0.895,2.6491083676268863,0.1,36.262302798167205,0.225
39.52874977087579,1.0,8.667046366701808,0.05,3.7801294969714414,0.125,32.7837979182343,0.22
39.7320270248636,1.0,119.61389743217265,0.605,32.844262361482805,1.0,16.95327171595689,0.11
39.351400706057746,1.0,70.20613915349263,0.36,12.911417684701869,0.4,63.48855062511911,0.38
39.04075171785388,1.0,116.82401048904606,0.59,17.844846534334685,0.55,10.515663326910213,0.07
38.81660783405274,1.0,12.77489934443511,0.07,7.997064002843164,0.3,9.94572885583796,0.06
39.462497274166175,1.0,10.828858918783034,0.06,11.373692988792328,0.375,36.84715932037177,0.23
39.59774778338899,1.0,51.802285657107895,0.265,2.801063289397944,0.1,56.204650918863535,0.34
39.507904934539646,1.0,55.64398699385356,0.285,11.596065207035336,0.4,9.38391372450253,0.055
39.777418259372475,1.0,98.38687690564686,0.5,11.68808130287584,0.325,25.21884328804054,0.165
38.77274259966836,1.0,27.44965710665471,0.145,3.260713031823002,0.125,72.4698170772442,0.44
2.555251067787486,0.1,125.00403352272845,0.635,3.735340467604285,0.125,46.246049208493204,0.31
39.23887279997996,1.0,198.88021648048473,1.0,3.7303581215944397,0.15,20.38898675994282,0.11
2.001889585690506,0.075,126.96574680504982,0.645,8.93136160767873,0.275,12.862409701511687,0.075
39.44123793388446,1.0,105.59216606692625,0.535,19.19359592119203,0.525,75.0243964436448,0.445
38.86104268316546,1.0,198.21428237259812,1.0,5.445480435462617,0.2,9.921894874018866,0.06
13.822792788256175,0.375,116.57548806442125,0.59,11.886715139708688,0.4,11.559782131668483,0.07
39.39629296188383,1.0,68.2408991295531,0.35,7.660198755886678,0.225,65.71245081113467,0.42
39.285205999707586,1.0,112.33220457070297,0.57,7.704275261919453,0.275,31.644862143983374,0.2
39.24026079227415,1.0,52.80228565609735,0.27,6.017912422410485,0.2,109.88657227660018,0.685
38.26188667476528,1.0,87.69862072833655,0.45,18.35169425052927,0.65,22.755200062518195,0.13
3.956628576071101,0.125,56.50700803999363,0.29,14.668966618588053,0.5,11.73248372395638,0.07
31.6643902272115,0.825,197.64443117266254,1.0,3.1324028589037307,0.125,42.175336765290844,0.275
39.217523748899374,1.0,15.82487458250438,0.085,18.398711158513862,0.6,25.089299191644084,0.155
1.9356850525269975,0.075,11.631744308581833,0.065,6.150932514854029,0.225,20.867987682053165,0.13
11.956612380355041,0.325,36.77571799361373,0.19,25.128848186189284,0.85,52.57625964352797,0.315
38.90601202146916,1.0,155.94775747460605,0.79,13.288367348099552,0.425,44.73878321354046,0.29
1.9352229190238397,0.075,99.49450954018458,0.505,2.7572849921703027,0.1,13.579677103329745,0.09
39.15041795640628,1.0,65.23817841318224,0.335,7.802662062455039,0.3,142.0281048800011,0.915
39.06441882044641,1.0,29.0963585384637,0.155,10.200376676424261,0.3,47.415949722266994,0.285
39.75425191382321,1.0,80.59046489001831,0.41,16.667736165309055,0.55,18.366123943592214,0.11
38.86062754549371,1.0,199.02581906354848,1.0,5.532103070630139,0.2,84.60454105169015,0.545
39.66486219390548,1.0,43.82401054421798,0.225,12.485654843707458,0.425,50.80032391636753,0.315
1.9352229190238397,0.075,22.272468450933076,0.12,2.157445141246062,0.075,32.46984060629574,0.185
38.08611436421313,1.0,9.469846329649759,0.055,8.558218321921371,0.325,10.966692417734226,0.07
39.37358415567279,1.0,152.46256078953428,0.775,6.772146545797053,0.225,110.33357608702133,0.73
39.77741825035408,1.0,48.45234953696189,0.25,1.9731675253532592,0.075,89.23407012394823,0.56
37.74906964251809,1.0,42.20420437075779,0.22,16.48360269698709,0.525,51.9195745034815,0.295
39.084762633159876,1.0,94.41926102005647,0.48,14.980919303784127,0.525,40.63115313575278,0.28
39.15094268903914,1.0,176.08554278543866,0.9,3.7968193384645974,0.125,34.376747744598376,0.21
38.883775139332016,1.0,60.95854860038515,0.315,4.24675579094099,0.175,23.380559614575915,0.15
39.14995736093468,1.0,61.238216296295136,0.315,12.801069071881924,0.375,31.967962503515814,0.185
39.17550124011491,1.0,7.8613310535593035,0.045,12.461939183133845,0.375,28.752417902061346,0.185
38.839331037551645,1.0,11.75439112846225,0.065,5.597613485208939,0.2,84.20511725318329,0.47
38.994357206320856,1.0,58.802285653953824,0.3,9.713462921872974,0.3,53.958082049829585,0.35
39.41901149102518,1.0,101.8022856536442,0.515,32.30357802838781,1.0,29.672122367286544,0.16
18.02422327540811,0.475,40.648393052760504,0.21,2.8907784745793954,0.1,32.65332829123168,0.195
39.30503967274203,1.0,15.628267952455086,0.085,4.0237671174307055,0.125,27.467648856638714,0.17
39.083761040179056,1.0,75.77210420924567,0.385,7.176594892346181,0.25,39.936827937999304,0.25
37.12836400273086,1.0,5.977259931008915,0.035,2.026263862829707,0.075,15.849195583922958,0.105
39.68665077306392,1.0,9.830855859532951,0.055,8.245711625460972,0.25,51.4303684669604,0.32
39.2407471975668,1.0,9.492796828106343,0.055,1.9327106094585282,0.075,15.3345850725415,0.095
38.19716444883577,1.0,19.648623761505732,0.105,13.3134897748485,0.425,12.51473792967675,0.07
39.15282136450701,1.0,195.45268941168283,0.99,2.890936120314483,0.1,20.087232283896093,0.13
39.53013675404638,1.0,22.47145193814633,0.12,7.601528975991407,0.225,21.319181405494927,0.14
39.240143551604106,1.0,198.54988719729195,1.0,5.5368936813632645,0.175,12.416101071025215,0.07
39.306011863460505,1.0,11.723773997327157,0.065,22.237942963645953,0.75,27.317688489444205,0.165
39.21755680838347,1.0,142.02191124513715,0.72,6.002047231425594,0.2,17.996847093319676,0.105
39.66487669519651,1.0,69.94871877237058,0.355,3.290424191093166,0.1,12.058349641297633,0.07
1.9796673634682842,0.075,33.449645024803154,0.175,7.464175728961775,0.25,25.726408835966893,0.16
39.46394231392643,1.0,69.84403324315929,0.36,15.267289937271606,0.475,32.05405387135088,0.225
39.61948354826493,1.0,42.21832135169853,0.22,2.6710261020810386,0.1,42.12796752331586,0.275
39.37357988575266,1.0,50.392529618547556,0.26,24.53325227057735,0.8,12.38453595648968,0.075
39.53157188121548,1.0,122.33221171944693,0.62,29.082573075683126,1.0,7.001404784896183,0.045
39.329640568305926,1.0,84.27243028003154,0.43,4.488303945158868,0.175,26.217147315706843,0.165
39.62044219949978,1.0,81.97985804188914,0.415,3.282980135004993,0.125,22.294073375478657,0.135
39.52918256773716,1.0,28.750389042090077,0.15,4.001087859486721,0.125,28.672257840983658,0.175
38.16829632218891,1.0,105.2466224099647,0.535,27.37461963969952,0.875,18.456619902270894,0.105
0.9824417009602194,0.05,21.471490043682245,0.115,9.262977810998265,0.325,24.353543098368107,0.14
39.08377601688006,1.0,116.36188982398826,0.59,10.972374935240738,0.4,60.72443308568871,0.39
3.8006025203615743,0.125,21.531894744892114,0.115,12.710749804636995,0.425,49.54137300723369,0.305
39.30646963628932,1.0,24.432674047291474,0.13,3.6640499749098194,0.125,121.91369449924437,0.745
39.35233053601826,1.0,90.48260074627014,0.46,3.1993772761244306,0.125,29.385305140736836,0.205
0.9824417009602194,0.05,136.59217259679687,0.69,12.529359259694706,0.375,33.29796392658186,0.2
39.440734605849414,1.0,11.457886397679756,0.065,27.55512272527303,0.775,160.06162983951995,1.0
39.30595470284115,1.0,146.71370052419417,0.745,10.936431043969584,0.325,32.52325198907724,0.215
39.30883460792756,1.0,17.863972601042697,0.095,2.5157750342935525,0.1,98.42641598701466,0.65
39.41805301362082,1.0,16.64909702456063,0.09,8.087080738460568,0.275,32.78232005689214,0.185
39.061972560788774,1.0,11.653613084674522,0.065,11.201110314090478,0.4,37.31396267712798,0.24
39.218540232767566,1.0,15.451013793087084,0.085,7.24721581053635,0.225,32.18688230956145,0.2
39.70934511781093,1.0,32.77260931728802,0.17,12.577750338038683,0.375,34.16365480823403,0.195
39.619945849581704,1.0,153.20368241018554,0.775,5.664043999280073,0.175,123.7615630457965,0.805
38.81519751906917,1.0,117.15792611237471,0.595,25.086869031750616,0.775,22.81339459840704,0.15
39.37365131676175,1.0,74.86356110846094,0.38,28.816374528637827,0.975,9.948372944066659,0.06
39.24026094675549,1.0,52.69727054508748,0.27,15.064182155978255,0.525,19.78103543284503,0.115
1.1293447509844774,0.05,113.89931126465206,0.58,15.349010993129472,0.45,14.171398941797253,0.085
39.172168078081235,1.0,166.22540810504736,0.84,13.465993778101266,0.4,22.03484374309274,0.125
39.041238252177024,1.0,15.649427694342906,0.085,3.448536754777511,0.125,19.210736402876122,0.125
38.903066700013134,1.0,196.0950139323743,0.995,29.863040819497158,1.0,55.57802783981897,0.355
39.394872127805236,1.0,75.19881373832206,0.385,1.8907784745793954,0.075,39.08061877507253,0.235
39.50741585503503,1.0,22.750456494896984,0.12,8.5348625076193,0.275,41.998195154424224,0.265
12.911248661183802,0.35,22.47145193814633,0.12,3.487295971290348,0.125,22.12924504688959,0.13
39.57458118131207,1.0,70.26127596839287,0.36,9.11315038327241,0.35,33.048919584251806,0.22
2.555251067787486,0.1,32.82401294203381,0.17,19.685339738444384,0.7,108.83966486964998,0.73
39.239288217935815,1.0,96.04109183087122,0.49,2.024573941415886,0.075,34.77977949403724,0.21
10.377472580780756,0.3,9.759011048544505,0.055,5.28410177574122,0.175,14.165732748266398,0.085
39.82233481725648,1.0,49.82401049600946,0.255,4.867580687266121,0.15,16.826339318859883,0.1
39.39677938027338,1.0,11.73145453132658,0.065,2.576576469091483,0.1,21.272501369445855,0.125
39.062019568787655,1.0,11.457886397679756,0.065,24.507221700192623,0.825,54.372850498287576,0.325
39.44073727160414,1.0,187.7961434317365,0.95,30.487042637231312,1.0,10.879808083435393,0.065
39.17267922305707,1.0,155.22540788478958,0.785,2.290016957529133,0.075,10.576232452857898,0.06
39.3055538150854,1.0,12.476825283710003,0.07,4.528064657949345,0.175,37.51066457318458,0.23
39.64217777186808,1.0,70.26457876045046,0.36,1.7099098024248165,0.075,47.99882576134029,0.305
39.50929250314082,1.0,88.626668062105,0.45,1.6660439435714915,0.075,56.36492183650263,0.37
39.10601180700936,1.0,174.43574937175174,0.88,1.8713305898491084,0.075,12.271790529214263,0.085
39.01617954121443,1.0,151.85108988938916,0.77,2.1798250092033724,0.075,8.937205018655277,0.055
39.286608002752025,1.0,100.54641645513499,0.51,3.3320872843582325,0.125,53.101685059782824,0.345
39.3514047979957,1.0,105.82401048904606,0.535,2.620978926727592,0.1,54.40853814302897,0.365
2.0177963962284364,0.075,41.750379482902964,0.215,18.465914786434936,0.575,10.799075723064083,0.065
39.5088488495209,1.0,14.628171962874875,0.08,7.087083370086645,0.225,12.335225462118961,0.08
25.04131925152213,0.675,35.824011360505224,0.185,3.86313689635555,0.125,38.88694958170372,0.255
39.01659534267223,1.0,17.458718271306296,0.095,7.4380134191781355,0.225,52.118628649820074,0.345
38.995358691643176,1.0,59.75037937406222,0.305,12.55029884935204,0.4,19.917737524944094,0.125
39.44170603929534,1.0,12.77489934443511,0.07,6.777830502250177,0.25,19.191482433605035,0.105
39.2846768007085,1.0,16.805438996005186,0.09,4.730658539012043,0.175,10.93019904929744,0.065
1.8690183858603309,0.075,9.873467287833433,0.055,17.200591102112696,0.5,19.62740827241233,0.12
15.37451179003992,0.425,34.467426279496806,0.18,21.530229457946266,0.75,24.464581083549838,0.155
32.106960479771374,0.85,46.47933919158908,0.24,3.5993268546402235,0.125,47.203033736198634,0.31
39.61948528375324,1.0,139.79198154144055,0.71,2.8017294366147474,0.1,20.227463334280824,0.12
39.15041498946646,1.0,44.86356114555991,0.23,7.777161325121045,0.275,57.19258181147548,0.335
39.32914966462401,1.0,12.500485513141173,0.07,6.360258623881263,0.225,28.850233685917164,0.17
38.90407219031726,1.0,68.1905249648578,0.35,3.3590174422879766,0.125,36.47738748011626,0.25
39.2629838755782,1.0,25.44967125660306,0.135,8.58000759048572,0.3,30.928502452046615,0.19
39.30692751609609,1.0,11.457886397679756,0.065,3.484467328344128,0.125,34.385862476791765,0.215
38.927710436562286,1.0,49.30679982246268,0.255,4.043822496119728,0.15,27.884915545799984,0.185
39.15139067010516,1.0,176.38596336609444,0.89,8.577235815540009,0.275,11.161644136459048,0.065
16.620877195048095,0.45,20.794908464563953,0.11,20.082913483357597,0.675,23.016415974122157,0.145
39.06055750644904,1.0,38.42616620713278,0.2,22.86238709995637,0.65,112.26226026451496,0.705
39.19629284106966,1.0,39.471368358677786,0.205,13.749599562232072,0.425,40.47725991752599,0.23
1.0404558620955886,0.05,10.634377919992687,0.06,5.952570254591241,0.2,12.643985534522505,0.075
39.46345748891671,1.0,16.812447361195407,0.09,17.61618198937867,0.575,11.077554115884706,0.065
39.220266273506965,1.0,105.41201871674312,0.54,32.4812509513633,1.0,68.41715977088577,0.445
39.421862703986044,1.0,19.630176610358472,0.105,13.778845959166322,0.45,15.000556146260987,0.09
39.082303581077866,1.0,13.474823769849143,0.075,11.045950165322147,0.375,58.264236980619586,0.35
37.793275020907814,1.0,81.64839289750694,0.415,2.049108367626886,0.075,19.658313329755536,0.11
39.48471962985145,1.0,66.19383420814172,0.34,1.777777777777778,0.075,68.01684413122392,0.44
1.084900306540033,0.05,146.06777473599934,0.745,3.906447187928669,0.15,8.751896116697823,0.055
39.06535520871754,1.0,44.89092394042294,0.235,4.179467257080212,0.15,47.51002066858559,0.265
39.41903010676087,1.0,51.626668065568644,0.265,5.18243642067648,0.175,15.04238644632799,0.09
39.41762910279037,1.0,11.480003817415746,0.065,14.176227564315893,0.45,15.324726315641971,0.085
39.463431659485494,1.0,153.76329718134176,0.78,7.311461067885761,0.25,53.1481545250801,0.345
23.75567812981417,0.625,32.35311151194029,0.17,4.485596820771714,0.175,16.12124514117587,0.095
37.26388961090256,0.975,135.59247552962566,0.69,7.515160303889479,0.275,48.55228988406813,0.31
39.46295679320488,1.0,174.57315532477952,0.885,0.9824417009602194,0.05,27.068078779848037,0.165
38.681402372373235,1.0,13.775321807372125,0.075,6.579306753769184,0.2,33.53542739889112,0.195
1.1293447509844774,0.05,45.413776880367585,0.235,6.443245601093528,0.25,25.35485520425895,0.16
27.973108800718524,0.75,78.60152722927755,0.405,28.220742885823874,0.925,30.77659546114203,0.18
38.972627106827936,1.0,24.626706850298948,0.13,2.666666666666667,0.1,50.13583174187156,0.28
18.532001002986878,0.5,82.37079822668022,0.42,9.823721998774444,0.325,25.967706881105986,0.155
39.306956314513855,1.0,105.00403371782872,0.535,14.355627580004374,0.475,11.967926585216107,0.07
39.37360831425934,1.0,107.26125508274491,0.545,12.821421610644656,0.4,29.52683470259208,0.165
0.9824417009602194,0.05,151.9159751084485,0.77,13.00285962885135,0.425,55.130418192162956,0.34
39.55234492484961,1.0,111.64839289750685,0.565,8.928517465429797,0.275,29.507970982247482,0.19
1.2018895856905065,0.05,13.474823769849143,0.075,25.930547098121696,0.875,29.504590098896337,0.175
3.223295327973784,0.1,18.450031293550406,0.1,5.467017318787324,0.2,35.42049598122174,0.2
39.57598783793015,1.0,43.626668116807686,0.225,6.980852020194435,0.25,13.774903176655826,0.085
39.34994303519384,1.0,95.4855392160001,0.485,5.5380059704210085,0.2,16.073725508710698,0.1
39.552349239993156,1.0,43.62995185860272,0.225,4.840906098044462,0.15,33.702634230664685,0.225
39.08376281097204,1.0,50.277309464162286,0.26,14.94994951170644,0.475,31.53130837103432,0.19
39.440776663534336,1.0,38.77210451879409,0.2,28.22006699346096,0.925,42.51816863875986,0.255
39.687122895641465,1.0,26.77212366343442,0.14,30.219272986100634,1.0,42.866423070844704,0.28
39.17263998447792,1.0,70.75037937384786,0.36,3.5984409832507573,0.125,11.472409408642363,0.065
39.39631710961477,1.0,8.763102300760666,0.05,3.707468210513317,0.125,54.01389973870926,0.35
0.9157750342935529,0.05,28.64840265345895,0.15,15.374818858175123,0.525,110.28373644261684,0.65
4.933500490309095,0.15,15.447927150863634,0.085,3.3975531646109074,0.125,25.41438246192312,0.145
39.06425091211423,1.0,117.862157617576,0.6,6.7301997431596075,0.2,71.23308157976439,0.44
2.9122115504300474,0.1,96.58352709125843,0.49,14.222045471387267,0.425,23.89338031938809,0.135
39.06153870890186,1.0,116.12578273354448,0.59,8.863848511386381,0.275,32.85200462041567,0.19
10.778372431489926,0.3,18.824317474616148,0.1,6.1533552189586835,0.225,28.412545680133555,0.175
39.66485956652798,1.0,140.11233991382508,0.715,1.7157750342935527,0.075,12.040401482885775,0.075
39.21805356516095,1.0,28.449653034717656,0.15,18.15000532633482,0.575,20.072146976538903,0.12
16.040771038806923,0.45,36.970492439350735,0.195,23.86541508674118,0.8,43.33752131639606,0.265
39.373598656858476,1.0,19.454498856866177,0.105,8.690200637252802,0.3,83.3386801984419,0.545
39.688042976588044,1.0,26.750398665157707,0.14,14.906725829082326,0.425,15.384896448804932,0.095
39.30600187018645,1.0,26.802304926280833,0.14,9.662916987638381,0.3,79.56211204536727,0.51
39.57505329482831,1.0,8.763102300760666,0.05,18.148844629098786,0.6,10.04026145000884,0.065
17.73249738967048,0.475,95.9708193406295,0.49,12.930045680156065,0.45,138.81340174539628,0.88
39.21616391512758,1.0,72.80228565364666,0.37,5.445880661208306,0.175,33.45280136630125,0.21
39.19437595349833,1.0,36.41289331578353,0.19,6.4892640473447525,0.2,15.08999231167501,0.105
39.41952626891556,1.0,55.9279517630176,0.285,3.287645593394258,0.125,94.60427279492232,0.565
39.59823428919246,1.0,160.95171672000987,0.815,6.462438551368546,0.2,6.97229325328257,0.045
38.99434742424507,1.0,11.677243106107015,0.065,2.6399502258167877,0.1,18.75803776214558,0.105
39.44073719364253,1.0,11.776185153794534,0.065,18.644610263309588,0.575,42.64133979968063,0.275
34.73154079359003,0.9,17.471965952974283,0.095,17.867094575708318,0.5,37.39475688599122,0.24
39.37361393094631,1.0,61.601326490639316,0.315,1.8907784745793954,0.075,13.716034422804295,0.085
39.50742984621562,1.0,27.82402425403453,0.145,14.084066065467313,0.475,14.391216879010274,0.08
39.374114837509886,1.0,55.06115311076831,0.285,3.730711361292747,0.125,43.98279735915741,0.265
38.817965784931424,1.0,57.452349530139315,0.295,6.754931950062273,0.25,16.023175695546037,0.11
2.890465405880892,0.1,51.750379377306615,0.265,10.326887896659509,0.3,25.86997503511018,0.165
39.330594578200206,1.0,33.2507861597245,0.175,14.286351281557113,0.45,20.502308823326743,0.125
39.351872725752145,1.0,22.627298949584205,0.12,24.926119063706796,0.75,89.27158979059087,0.54
39.50784516205073,1.0,84.39252306369127,0.43,2.9126876281031135,0.1,9.673668045423817,0.06
39.19440181448522,1.0,87.57163406889805,0.445,11.819778576291156,0.35,69.70027605786046,0.42
39.26202537624373,1.0,45.485933809995146,0.235,5.5543259735514265,0.2,40.40692521081224,0.24
39.19387236578731,1.0,52.71178610976402,0.27,9.109487452039495,0.275,87.69579878331035,0.565
39.39678928266274,1.0,198.84937176458254,1.0,22.111350071093845,0.725,24.41331030153683,0.14
39.39868211330886,1.0,102.4137961209977,0.52,1.777777777777778,0.075,154.02553445450712,1.0
23.665806641313587,0.625,105.3462356854393,0.535,10.223473620827404,0.3,14.212269822187888,0.09
38.838372382514414,1.0,73.54641581438537,0.375,13.777474530832876,0.4,154.1199609814682,0.955
4.867710323903482,0.15,52.41993552750261,0.27,5.513377242315499,0.175,13.417680323366028,0.08
39.4851817888986,1.0,41.64839300747084,0.215,5.112078133485783,0.175,10.574577983709524,0.07
39.126817387165985,1.0,66.41379594624838,0.34,2.6491083676268863,0.1,9.498585399298012,0.065
39.485177293779316,1.0,16.513340347880305,0.09,4.446029436808459,0.15,7.096825114217621,0.045
38.97163896310372,1.0,50.627215697684996,0.26,2.0241118079127283,0.075,78.0011050611849,0.48
38.9054845004857,1.0,43.626668116807686,0.225,8.842396517436196,0.3,23.699135278919613,0.17
37.12868214524503,0.975,12.753132037820883,0.07,1.1293447509844774,0.05,38.475901296966825,0.215
39.57500051672058,1.0,156.0799241753492,0.79,9.70589394381041,0.3,120.33600600881778,0.76
3.0242694536478165,0.1,17.824443932860095,0.095,2.9343966227312777,0.1,34.54870744926357,0.21
39.619497721815065,1.0,120.33630275054159,0.61,10.42359342129145,0.35,22.288119683203004,0.14
39.61995555917193,1.0,25.62669543798601,0.135,10.02240998824283,0.325,20.479660550892948,0.11
39.35187269864231,1.0,147.87467579461446,0.75,17.221454709669317,0.525,14.341775230440552,0.085
39.597761949765854,1.0,70.97928321530365,0.365,10.020714705870507,0.35,21.81737279108676,0.135
39.21756646777401,1.0,28.927962075977113,0.15,8.393754081117738,0.3,59.52795564455666,0.375
39.172625764633906,1.0,55.28726545462462,0.285,5.377732400339396,0.175,70.74607070371465,0.435
39.530584614367754,1.0,15.497597564913546,0.085,5.505544176594034,0.2,53.53025325214838,0.315
19.374585698710284,0.525,89.14454206186534,0.455,15.396462247800644,0.525,41.62741378639363,0.255
39.03883037310423,1.0,119.20703279618678,0.605,10.619794780467362,0.35,34.44170728025774,0.225
38.5968308027024,1.0,12.804697483772157,0.07,7.909109257123899,0.3,36.424457309553055,0.245
1.084900306540033,0.05,92.69161891300047,0.47,19.153229364187535,0.65,24.770069094507324,0.16
2.868251659030681,0.1,55.68260470712317,0.285,5.3739063544718535,0.2,14.918250331050912,0.09
13.398280484409556,0.4,23.648448423916395,0.125,1.98213721319215,0.075,60.551424160020176,0.375
39.261986742580916,1.0,22.750456494896984,0.12,13.908763708463878,0.5,11.886807078541498,0.07
39.57550125768541,1.0,89.26352570075107,0.455,5.734406353848879,0.175,11.781155470521004,0.07
39.19773800488919,1.0,78.65423336412393,0.4,23.71123149787021,0.75,61.5270218427768,0.395
39.821872573686264,1.0,115.29450727304862,0.585,4.734438226953868,0.15,22.636437871158968,0.14
39.171736039270066,1.0,9.759011048544505,0.055,11.42217570686832,0.325,24.911841543001863,0.14
39.41950350145468,1.0,58.23817691151057,0.3,24.33234545985637,0.75,19.04273578167125,0.11
1.2463340301349508,0.05,49.82401049600946,0.255,7.847823477670283,0.225,51.91191854920699,0.315
2.9566836241957994,0.1,108.18380614279147,0.55,12.019528531830804,0.425,12.09405544447036,0.085
39.39581633948926,1.0,42.21580507542779,0.22,6.710430488186822,0.225,56.82071289608942,0.345
39.23977445675884,1.0,7.8158167441387265,0.045,1.996011417651144,0.075,32.94081429808327,0.205
39.35088543580488,1.0,154.59487882238005,0.78,6.132142459945714,0.225,12.389992192789268,0.07
39.17537920426952,1.0,10.48501126548086,0.06,4.262002743484225,0.15,12.640951237168364,0.09
39.57318483517958,1.0,42.750379451085514,0.22,0.9379972565157751,0.05,29.73272981880126,0.19
39.642654335662186,1.0,78.47136813962464,0.4,8.888540877582136,0.325,85.43086724083578,0.52
38.96648811333761,1.0,84.71786158074354,0.435,4.02330087348971,0.125,21.40503205523277,0.135
15.777418312208646,0.425,76.80529400859226,0.39,12.461961357030713,0.375,28.27418899832787,0.17
39.44076575448335,1.0,25.82403793055249,0.135,7.578227651255948,0.225,11.329100207911507,0.065
39.39626438237978,1.0,18.753723282612594,0.1,13.800049022207522,0.4,11.764833125048597,0.07
39.015134682701934,1.0,198.73310085711725,1.0,24.662864269883407,0.8,26.89053350762503,0.165
24.57646970180331,0.65,19.70750105551437,0.105,3.6195654333107323,0.125,26.867433468479188,0.16
1.2463340301349508,0.05,29.363630137621062,0.155,18.262812921340977,0.55,49.38409536036298,0.29
39.1512398964919,1.0,59.83631516421325,0.305,11.419921289058253,0.35,62.00778457283302,0.36
38.991982410664185,1.0,8.644568756923121,0.05,13.713728709061487,0.475,40.42180794952938,0.245
39.396331353173316,1.0,14.655706350850567,0.08,3.9131043103109375,0.15,13.46083322468923,0.085
35.262016932375786,0.925,39.39603081517994,0.205,5.7568232149369205,0.2,50.48618898627147,0.3
39.44079018662136,1.0,117.8022856536442,0.595,8.973151599883925,0.275,11.864783921269108,0.07
38.94854027699027,1.0,103.8022856536442,0.525,3.618983247886438,0.125,51.20945661907443,0.295
39.46344325392419,1.0,43.80228570835428,0.225,9.506296825038444,0.3,30.760961008700228,0.185
39.26200125873447,1.0,154.41926123085233,0.78,6.002047231425594,0.2,18.308705628391017,0.105
39.64219641513511,1.0,45.45234954981293,0.235,4.4850859447745535,0.15,28.008195413403605,0.17
39.52964045481852,1.0,197.67155032806758,1.0,3.4040416406074843,0.125,14.931913237580964,0.095
39.105055195943955,1.0,90.25990064040302,0.46,7.490308116614863,0.225,57.11356813959452,0.355
39.1727077817115,1.0,61.448380622271166,0.315,8.707845970389076,0.3,63.84817578725463,0.41
38.97219065939086,1.0,35.62666892572022,0.185,9.577479725763787,0.325,66.52038179330397,0.4
39.48566809543756,1.0,21.471490043682245,0.115,31.265655446561095,1.0,79.93423491712561,0.505
39.84408502173444,1.0,54.62666806333552,0.28,5.037685171293718,0.175,41.79730319205881,0.24
39.5079188613481,1.0,123.1301721518721,0.625,4.5951542359763975,0.175,15.76443536621613,0.1
38.95183451734765,1.0,105.87276519251915,0.54,18.731422582340016,0.625,14.491005644736997,0.085
1.2463340301349508,0.05,38.64839320697263,0.2,10.733684582678539,0.325,24.331739455236388,0.145
38.86006988727703,1.0,32.60655486103499,0.17,4.001536308639236,0.125,31.297973743709086,0.175
39.14998393829231,1.0,52.750379376296074,0.27,7.348988702202079,0.225,57.286206262405045,0.385
1.1293447509844774,0.05,9.8090739083526,0.055,3.9306765444218428,0.125,13.105272704943857,0.095
1.0268861454046638,0.05,54.449643305453,0.28,2.487600813871401,0.1,95.0647994264411,0.535
38.972664185644945,1.0,183.61373990032826,0.93,15.996411644647619,0.55,76.33460306636555,0.425
11.57787607996763,0.325,35.76816199254792,0.185,3.8449619799625414,0.15,57.33906920461669,0.36
39.44215374084648,1.0,46.750379393279076,0.24,4.0637189001065925,0.15,27.98200292058633,0.18
38.95880771597155,1.0,55.65334473841398,0.285,17.925447368781676,0.575,16.83628996183878,0.1
39.41949783113008,1.0,42.62666813933901,0.22,21.797292291303105,0.6,70.22117603321568,0.405
39.32962625479088,1.0,31.33710478015988,0.165,8.935287943251668,0.3,36.01809847743256,0.235
38.883360127292,1.0,6.649861591706042,0.04,2.77904499982184,0.1,8.335022451814973,0.05
1.979667363468284,0.075,76.41710255868831,0.39,5.772491402792681,0.2,60.03355552778647,0.39
39.55329335536441,1.0,16.812447361195407,0.09,9.090127231531175,0.3,24.860115198568675,0.145
39.350904096181075,1.0,23.916831336132873,0.125,5.664049279563813,0.175,23.886491988381685,0.145
39.57504326894725,1.0,28.47137795301912,0.15,4.928967158141034,0.15,10.921192612805227,0.08
38.99534857031391,1.0,125.96938734030296,0.64,6.8892372258590395,0.25,12.061974801899012,0.075
0.937997256515775,0.05,17.79083576124861,0.095,27.68476574028029,1.0,58.93943308769192,0.35
19.953951708701485,0.55,8.667046366701808,0.05,8.482558667618957,0.275,82.68948275159475,0.55
39.552845331245514,1.0,57.06117667359009,0.295,20.625312034918288,0.7,66.27971807977742,0.395
39.32915144476519,1.0,62.271322253438605,0.32,6.848493750459655,0.25,11.48855474866219,0.07
38.882804181354196,1.0,7.654327260712784,0.045,4.771606021379171,0.175,49.12455010481416,0.295
39.397261283918695,1.0,7.676880349312864,0.045,31.26244797046096,1.0,15.706457086095764,0.1
39.48566808908094,1.0,198.96427925787773,1.0,8.860492187391515,0.325,15.955151416801037,0.1
1.2463340301349508,0.05,61.72070127597504,0.315,7.774859144033362,0.25,16.98433286309634,0.105
39.03835832519494,1.0,149.15742832432554,0.755,15.93291451337206,0.475,102.72744017323967,0.63
32.48658547519056,0.85,23.750433870305923,0.125,4.953064550053237,0.175,12.8101966206109,0.08
8.979306829895444,0.25,47.41996521615736,0.245,2.9350627699480807,0.1,15.228086389214761,0.09
13.330383211516436,0.375,55.59217096550923,0.285,3.7349098503253364,0.125,17.136345144479943,0.1
39.03837228375786,1.0,71.80228565364769,0.365,20.908713158730414,0.725,54.13584011824785,0.355
39.44027949127882,1.0,130.30954578551038,0.66,6.508622250335879,0.225,14.985535620279627,0.1
19.866321368160396,0.525,16.490507581839573,0.09,4.552016641679758,0.15,11.045308885488243,0.065
38.883303285096105,1.0,34.471369368129764,0.18,19.33322417893731,0.575,42.14159899921486,0.27
39.30550131902275,1.0,37.449643737156556,0.195,11.35517390739029,0.375,19.675690910159467,0.115
39.17172154075528,1.0,198.51496991195177,1.0,9.244452708120996,0.3,26.242782068834074,0.175
39.707943065574696,1.0,79.54026227576935,0.405,11.090656941605733,0.4,96.49329321650357,0.59
1.8685562523571733,0.075,134.77219539451016,0.685,2.8904654058808914,0.1,26.591781843772946,0.18
39.06375068612783,1.0,68.53451506760965,0.35,8.220631262807716,0.275,41.547953291321846,0.24
38.92628932458022,1.0,6.850893592811723,0.04,31.192059057310374,1.0,75.29559890010599,0.425
39.3306374695676,1.0,22.928033605498918,0.12,30.174619922928247,1.0,36.563362950445224,0.225
39.10695630682945,1.0,67.07715230543641,0.345,22.46336814835274,0.7,8.895544745045914,0.055
39.37455438126906,1.0,147.80438900460197,0.75,14.773699797687923,0.45,95.49819541174851,0.615
39.776946136973294,1.0,28.494928960315555,0.15,7.549690016922407,0.25,29.653767178365374,0.165
37.285103872954394,1.0,153.20265982262444,0.78,23.131108796374455,0.725,41.8395440559922,0.23
39.41899788417793,1.0,46.750379393279076,0.24,26.930266841447366,0.85,27.44409941249241,0.16
38.92576388978012,1.0,41.596990042437625,0.215,17.37888120801972,0.55,17.51410678767316,0.105
37.2859566282279,1.0,143.56322782268614,0.73,9.86983006299107,0.325,15.164194021218446,0.095
38.792959628065105,1.0,7.591975922755848,0.045,21.200643347229075,0.675,38.26925429797349,0.225
38.99441512096233,1.0,8.863232840254675,0.05,8.514260112614737,0.3,32.32717574576427,0.21
39.66486223771527,1.0,91.2599033498099,0.465,15.643171972088817,0.425,52.21971070452363,0.33
38.970763090159075,1.0,14.506739977059869,0.08,10.668673802740102,0.35,11.37862357380062,0.07
39.48662233359376,1.0,7.81528100082544,0.045,7.574654867087944,0.25,16.540748783222472,0.095
37.593499772559866,1.0,52.64839289998067,0.27,20.105868522014475,0.575,25.872297053239627,0.15
39.351862775031854,1.0,8.78514205187056,0.05,16.064780696733408,0.525,19.55039514959646,0.115
38.993870903775935,1.0,17.45022801589177,0.095,17.1108990073486,0.55,58.329442669468754,0.395
39.352350743320876,1.0,78.56098128202298,0.405,24.090450194154307,0.725,14.832483529851203,0.09
25.001528939805794,0.65,86.77310118082403,0.44,6.13608465489774,0.2,21.97757945578019,0.13
38.882302123467994,1.0,9.638415143920776,0.055,16.08226036786869,0.525,18.63963689842608,0.12
25.710752713997653,0.675,6.617617727673505,0.04,3.2215994983466527,0.125,35.01324931304588,0.21
39.26199863831866,1.0,22.626746285741422,0.12,5.893202251518872,0.175,41.20952798415889,0.265
39.14949936178815,1.0,73.59440784869986,0.375,4.822222222222222,0.175,23.686555096460868,0.15
39.48757213971188,1.0,10.680037791031708,0.06,5.714952344035776,0.175,58.552095828461304,0.355
39.150885642007005,1.0,14.451771699312953,0.08,1.0404558620955886,0.05,59.673693330510865,0.375
38.723085187421106,1.0,133.52439792818595,0.675,11.732369396647721,0.4,29.473953809169647,0.185
39.28375102599741,1.0,122.9316975130492,0.625,26.686788225212037,0.925,13.310297936413974,0.075
15.710483701629204,0.45,59.82401048926718,0.305,6.6707130729218225,0.225,11.464224806011595,0.07
39.442188044398286,1.0,81.47136813962443,0.415,4.640579687969083,0.175,23.413767264349527,0.13
16.889945754462442,0.45,186.15177677074269,0.94,11.621745340236187,0.325,26.862182640376133,0.15
39.91216793296687,1.0,80.6293742876995,0.41,4.7359144014783405,0.175,18.241910105312908,0.105
1.0268861454046638,0.05,12.476825283710003,0.07,6.330691989417099,0.2,9.323023449503271,0.055
38.770718478945724,1.0,38.41996542488595,0.2,4.926177677580416,0.175,36.2911169942587,0.21
39.17219201768813,1.0,96.8049918792386,0.49,3.5099098024248168,0.125,26.565421425489035,0.145
15.776929577251378,0.425,57.465126145817614,0.295,7.35493494656213,0.25,22.347976874710135,0.125
39.41802885787561,1.0,20.449819455728765,0.11,26.329452102702476,0.875,42.051867083934496,0.265
39.17316489720835,1.0,12.826442655456077,0.07,12.220330838295904,0.4,20.085568081431347,0.125
39.01707017935131,1.0,64.05456774002806,0.33,4.1818943348575335,0.15,26.596445016968445,0.145
38.74758058044316,1.0,21.886439840506743,0.115,13.647333858155145,0.475,46.26086645175988,0.3
39.46346017654762,1.0,65.47637950693588,0.335,3.5572849921703025,0.125,14.702303496391847,0.085
39.14998397559532,1.0,194.0120483766313,0.98,1.9134628303047752,0.075,88.175114199896,0.575
33.3950751393208,0.925,30.8022905029189,0.16,12.711327497232379,0.425,27.821139876690395,0.17
39.59725135287294,1.0,64.42430173268656,0.33,12.038307913936977,0.425,47.40445602847584,0.32
1.2463340301349508,0.05,11.75439112846225,0.065,5.488607404541175,0.175,48.26018809241797,0.32
39.77694613702431,1.0,12.576856419930033,0.07,19.020629680979933,0.675,11.899258877274065,0.07
2.001889585690506,0.075,89.64839289750685,0.455,5.462678084317812,0.175,27.531092859618276,0.17
39.151886942244204,1.0,15.751292520764782,0.085,1.0268861454046638,0.05,21.80570390473279,0.125
39.06294529573256,1.0,21.802393802262305,0.115,10.039379311274008,0.325,19.032536776848445,0.115
2.9566836241957994,0.1,12.826442655456077,0.07,8.713152261692466,0.25,25.82497117258195,0.155
2.9566836241957994,0.1,76.47136813962496,0.39,18.847030355942035,0.525,21.214984559306615,0.125
38.94901169692358,1.0,34.471369368129764,0.18,6.890890047530094,0.2,22.137092024059914,0.12
38.88281867172811,1.0,106.6192853393929,0.54,7.55160505656459,0.225,45.59582781256779,0.305
39.08229347379827,1.0,56.6293742881548,0.29,16.77999011943574,0.6,14.96940189319802,0.09
39.486655182478025,1.0,107.46205707650495,0.55,4.263555055789672,0.15,50.42401000998969,0.295
39.172235726972495,1.0,92.38361466248358,0.47,1.75959719616304,0.075,24.9279899987058,0.14
38.68190123322881,1.0,78.90096700667385,0.405,6.9131175500360555,0.2,35.297196643594184,0.205
39.21710869352163,1.0,72.33762510322401,0.37,26.389978645329663,0.875,12.058415648835709,0.075
39.08472385564629,1.0,82.51425993006605,0.42,5.862582898539223,0.175,37.423331582943185,0.22
38.97297727775148,1.0,145.35011616844287,0.735,3.221020913535927,0.125,61.99143358646403,0.39
36.36821445281588,1.0,7.653844626730554,0.045,15.91457592688966,0.575,18.278373659315704,0.11
12.912153768226753,0.35,24.71286154439865,0.13,3.425684522359159,0.125,12.297057521321063,0.075
39.21757645381215,1.0,92.44964330422249,0.47,1.710488388015936,0.075,120.76890189646865,0.765
39.508388499692906,1.0,53.77210421099688,0.275,1.8929305294963734,0.075,43.25832920017811,0.27
39.73156745253886,1.0,11.778016594415428,0.065,3.595505782047389,0.125,17.08091419348977,0.105
1.2463340301349508,0.05,13.898766612856488,0.075,3.5993268546402235,0.125,29.180038520692655,0.175
37.94817088740249,1.0,74.89681249256327,0.38,1.75493360723084,0.075,14.958662797660411,0.095
38.72677924586518,1.0,18.773442004205304,0.1,8.351809045653797,0.25,90.5216556529059,0.6
39.55325040788109,1.0,128.1847983763363,0.65,27.24395067481842,0.975,27.29668811391929,0.17
38.88519168490468,1.0,51.33898639099348,0.265,9.864915127185593,0.3,25.195861951350842,0.15
39.30742990464938,1.0,86.37079822752708,0.44,13.422469080357626,0.375,20.907109446076163,0.13
39.350456097167054,1.0,85.4496433042225,0.435,23.66311111532789,0.775,21.347549536776388,0.145
39.217528247683674,1.0,30.532161637237884,0.16,4.57464357898488,0.15,46.04521470329155,0.295
2.2455448837633805,0.075,19.980088070240374,0.105,4.690731807757173,0.15,38.59299216299692,0.26
39.28613767691564,1.0,6.800649217535644,0.04,2.421600273897506,0.1,26.55421379369843,0.175
39.10601617151861,1.0,66.70096390662462,0.345,14.443815744908415,0.425,34.013020062806454,0.215
38.77124861603519,1.0,7.841302516879001,0.045,16.774593240623815,0.525,50.13104754810433,0.315
39.396307101531036,1.0,53.22887403013302,0.275,4.801763112884335,0.175,42.03592408891063,0.265
38.86198839953493,1.0,22.557387320463732,0.12,7.201464203435598,0.275,21.47402715639104,0.125
2.001889585690506,0.075,17.805308698162506,0.095,29.351101702554587,1.0,48.43737170357071,0.32
1.2463340301349508,0.05,9.492796828106343,0.055,5.551690506578821,0.2,37.37993900576227,0.25
39.12959775900457,1.0,55.75037937471445,0.285,11.954449553373323,0.35,14.371095347184019,0.095
39.68663834452058,1.0,160.5303167533543,0.815,6.668300144073697,0.225,13.497871832608634,0.08
12.688987273954698,0.35,10.48501126548086,0.06,2.024573941415886,0.075,8.966749347961995,0.06
39.15233482910236,1.0,51.82401049253898,0.265,1.9801294969714418,0.075,48.40236422357986,0.295
1.8685562523571733,0.075,26.824029924375747,0.14,9.15601105196736,0.275,85.43853373022034,0.56
39.17311224962315,1.0,84.6928489578609,0.43,13.865420368401608,0.475,38.47526029050361,0.24
39.283746797738885,1.0,89.59487229252065,0.455,8.332191942687032,0.275,41.33563659759614,0.245
39.57597343169259,1.0,106.69007972516383,0.545,19.355840402265155,0.6,151.38569452421316,0.935
39.21854357836047,1.0,93.8022856536442,0.475,16.893601612060305,0.575,16.86192938445661,0.105
39.19578784490143,1.0,58.568140703385566,0.3,12.046445497630883,0.325,65.87554539969534,0.405
39.36990723119809,1.0,32.44964573459363,0.17,22.64400503216148,0.75,64.23313636668442,0.425
1.2463340301349508,0.05,47.802285667410054,0.245,19.927149254127695,0.65,143.32215119103589,0.91
38.97216357931365,1.0,31.648396358598973,0.165,9.46347980495938,0.275,10.826834187308217,0.07
38.92726547046288,1.0,180.0280654590154,0.91,18.77001703091604,0.575,59.56970160413112,0.375
39.152358915502305,1.0,29.75038621988988,0.155,16.04393002592472,0.525,34.2567076390443,0.215
39.06252665763674,1.0,118.3061212208881,0.6,11.796413141497716,0.425,131.80014503629113,0.8
39.06395639166945,1.0,64.77210420928418,0.33,21.576019637623702,0.7,49.64123046054656,0.325
39.37361027063174,1.0,10.462592538892428,0.06,13.646976849957767,0.475,20.472187633298002,0.125
31.485620973464666,0.825,15.689834523837904,0.085,7.1102578528262725,0.25,16.998712512900198,0.105
39.619499391035454,1.0,28.772113958853133,0.15,5.443770426922734,0.175,33.00142473673603,0.195
39.30598328553438,1.0,73.34917927604792,0.375,4.381239664078653,0.15,21.181053165392505,0.125
0.9824417009602194,0.05,96.2713222533602,0.49,13.444242029224544,0.425,42.56802719216592,0.265
39.46200086073101,1.0,45.26007936404928,0.235,5.484710302630107,0.2,71.46187457418789,0.455
39.508372593412496,1.0,9.660572452898348,0.055,6.756675883466658,0.225,8.150971491249594,0.05
39.04022248492492,1.0,79.77571737932627,0.405,6.508246059741813,0.225,9.305420256404366,0.06
39.10694182602933,1.0,41.74287354247957,0.215,30.133810166551463,1.0,25.25881072875882,0.165
39.32962171535545,1.0,25.60255783571208,0.135,4.423185012942188,0.15,24.616200895118418,0.16
39.06296943608695,1.0,21.794887652368033,0.115,5.332983468126882,0.175,23.92623560856614,0.155
39.68758514215571,1.0,7.561617058918962,0.045,1.7532433515667778,0.075,26.181565836245703,0.15
39.305984984794456,1.0,40.24207819586916,0.21,4.130358890263295,0.15,36.82739973030801,0.215
38.70548722152471,1.0,62.23821629628061,0.32,18.7959551023155,0.575,50.23366466718835,0.295
39.39583229825014,1.0,43.71777916120591,0.225,14.304936705276814,0.425,53.29825057218061,0.36
39.50791448860748,1.0,48.82401049887795,0.25,17.55661234615223,0.5,58.117934757353225,0.365
38.882344710023595,1.0,64.77210420928418,0.33,7.151179836466558,0.225,13.037746846398196,0.08
38.59672013618286,1.0,34.471369368129764,0.18,11.732510553999425,0.35,29.803866380224836,0.17
39.26106677047174,1.0,152.173901068516,0.77,3.623185012942188,0.125,92.85174837568039,0.58
39.28277574353266,1.0,16.355999527199927,0.09,7.932404597547018,0.275,68.3263045308511,0.45
39.44027521791853,1.0,81.64839289750694,0.415,8.6625573997968,0.275,51.825331415025836,0.325
38.973626987615084,1.0,23.648448423916395,0.125,10.242243780633531,0.35,10.676563155203006,0.07
1.290778474579395,0.05,88.82614415629213,0.455,11.576758438839992,0.375,40.01288638893484,0.26
39.619485116709434,1.0,44.80499190783257,0.23,10.22102466852114,0.3,36.365480349289236,0.22
39.41852494264234,1.0,10.8070935906364,0.06,3.112065340064984,0.1,71.4448123137452,0.47
38.90595909324867,1.0,24.802324075046084,0.13,10.91142865055298,0.325,33.51112523627057,0.205
34.263732180065944,0.925,59.65539126546449,0.305,4.843155544968624,0.175,34.62293812991779,0.22
38.94898453221656,1.0,64.07886792522396,0.33,21.912645588371166,0.725,19.355902577560954,0.11
39.30691337478417,1.0,7.883354077398372,0.045,4.89089602315984,0.15,14.089151369084881,0.095
39.755668194307624,1.0,8.863232840254675,0.05,1.7549328324603806,0.075,19.74466119574677,0.13
1.2907784745793953,0.05,79.55357933132329,0.405,1.313462830304775,0.05,20.116773085688838,0.115
39.44075298275357,1.0,45.824010516720946,0.235,2.7128405477258584,0.1,28.56774740280726,0.18
0.937997256515775,0.05,9.830855859532951,0.055,4.022597930002341,0.125,25.49661789736623,0.155
39.35047462533624,1.0,48.114146285395606,0.25,30.644888420262365,1.0,23.682502774345014,0.16
38.949969654970644,1.0,92.85023966507124,0.475,4.171953176115542,0.15,11.627011527478055,0.075
39.50839101264507,1.0,138.51472369184697,0.7,6.687332213017507,0.25,43.74521248054687,0.29
39.44029093136886,1.0,29.51092566916266,0.155,8.553199994122892,0.275,29.14179080279,0.195
39.32962611448872,1.0,26.901752294590995,0.14,11.641239833128225,0.4,10.977107181996663,0.07
39.06062325425949,1.0,29.877115981199488,0.155,25.28733597033021,0.875,47.061521326521664,0.285
39.30789040818171,1.0,27.772117979986263,0.145,5.62411109278061,0.175,11.40065088528694,0.07
39.5296377705275,1.0,85.69439355849124,0.44,10.957451290139959,0.375,11.143557135716819,0.065
3.8237671174307053,0.125,56.47136814024679,0.29,10.023949781074995,0.325,10.924247256166158,0.08
2.9122115504300474,0.1,95.35652225230542,0.485,9.75105787606025,0.275,16.666513842174663,0.105
38.68367696734374,1.0,10.48501126548086,0.06,14.909585074473902,0.45,29.661847707302012,0.195
22.038641365991857,0.6,31.75038280730121,0.165,6.824534439857295,0.25,23.782366452647103,0.15
1.8685562523571733,0.075,11.480003817415746,0.065,6.381007233130132,0.2,14.717360275544541,0.085
39.32967959265708,1.0,82.36887427819602,0.42,3.3980906215474262,0.125,15.914548115788904,0.095
39.329612008973406,1.0,75.44964330422336,0.385,5.065422597906298,0.175,13.538701055778468,0.085
2.9566836241957994,0.1,156.7386692182876,0.8,1.800737015021423,0.075,9.167303015498328,0.065
39.41713789245232,1.0,22.408320889624463,0.12,15.506625281048343,0.5,22.276826650852524,0.14
34.7320394893486,0.9,49.35465520215336,0.255,18.661924995084664,0.55,45.622899889266506,0.29
39.21655540195748,1.0,11.457886397679756,0.065,5.329673185879304,0.175,9.509736554527887,0.055
38.128264657058715,1.0,144.26125508277676,0.73,2.9798250092033722,0.1,55.914584819025784,0.36
39.283288967408566,1.0,45.80228568108743,0.235,25.68965456483411,0.9,12.515711436919336,0.09
28.574643755416915,0.775,41.435500134128006,0.215,3.3058244632454685,0.125,70.44738217426796,0.41
39.1721207736625,1.0,20.82416447718265,0.11,6.689216621065407,0.2,26.277149087208674,0.18
2.867794735306911,0.1,160.4838383063134,0.815,16.68872443940515,0.55,29.660064202139356,0.175
39.373627189786546,1.0,62.37691946731188,0.32,30.326428409115735,0.9,34.94274491483109,0.21
39.26301224140406,1.0,134.3263354693071,0.68,3.246796745587865,0.125,44.7802701348788,0.25
1.2463340301349508,0.05,118.36188982712,0.6,7.777171059362704,0.3,85.91066571004862,0.565
39.040275077154554,1.0,106.43552094201127,0.54,2.9307166415764856,0.1,18.791761922035768,0.12
39.329664400955366,1.0,28.590128253132068,0.15,4.823687964934375,0.175,18.07973208337997,0.11
39.576445466825874,1.0,198.99408249684612,1.0,1.8199100182334444,0.075,31.87281089642851,0.215
39.439764531401934,1.0,13.774027993636071,0.075,15.327313735389453,0.5,36.39950739477916,0.245
39.35091853076108,1.0,35.824011360505224,0.185,9.553067856704853,0.3,38.60875035934131,0.225
1.979667363468284,0.075,38.802285960650934,0.2,10.379564055797227,0.325,30.161475014877624,0.2
39.575515533978724,1.0,107.12623264471473,0.545,3.667172539318804,0.125,14.194751083185984,0.09
39.128181193114806,1.0,104.14519635122686,0.53,16.77838566201283,0.525,58.60408345965943,0.395
39.754261676076496,1.0,11.480003817415746,0.065,5.686491096910836,0.2,57.41510479453832,0.385
2.912211550430047,0.1,51.626668065568644,0.265,4.402047231425595,0.15,10.695996850810076,0.065
1.2907784745793953,0.05,55.802285654515714,0.285,4.689967540156377,0.15,22.45146009083954,0.15
39.440250876838704,1.0,26.750398665157707,0.14,11.935035376521169,0.425,83.61200939760117,0.535
39.17209657639003,1.0,63.8621888405873,0.33,6.400224247192044,0.2,13.321538159825684,0.08
39.03837236201799,1.0,12.753132037820883,0.07,18.714300409180133,0.65,37.86384816439863,0.235
39.374123432526275,1.0,64.6293261144019,0.335,2.6271906331727335,0.1,62.25517773246709,0.35
5.889955810144174,0.175,69.56814027066761,0.355,14.666521865524198,0.4,11.558505810705737,0.07
38.149899864092355,1.0,39.262513877870866,0.205,5.666958339645445,0.175,41.984334891466844,0.26
39.64217978681101,1.0,22.82408773145328,0.12,16.641327726763503,0.575,16.32846698560605,0.1
39.754723919200615,1.0,39.6483931167011,0.205,7.223350772487109,0.25,44.65217432271281,0.285
39.35041502060447,1.0,115.79347981000285,0.59,5.641164932117097,0.175,21.123857405455244,0.14
39.64361284741715,1.0,19.772326153793443,0.105,3.6014249488466614,0.125,23.121004475598816,0.14
39.37548702948413,1.0,79.5680302707703,0.405,1.8685562523571728,0.075,59.06180792094352,0.37
38.95084709001873,1.0,72.3645876974275,0.37,17.909903162497727,0.6,49.569295139200555,0.33
1.979667363468284,0.075,34.626669281400666,0.18,3.3764888783027707,0.125,46.67323938107862,0.295
39.26204029425435,1.0,36.62666867380329,0.19,5.623761141800948,0.175,15.251134780997145,0.1
38.88262911684188,1.0,10.48501126548086,0.06,7.334995141971738,0.25,20.958109934076294,0.115
